season,teamsk,teamname,opponentsk,opponentname,matchesplayed,wins,losses,noresults,runsscored,runsconceded,ingestionts
2008,1,Chennai Super Kings,9,Kings XI Punjab,3,3,0,0,537,482,2026-01-07T06:37:18.867Z
2011,3,Kochi Tuskers Kerala,4,Rajasthan Royals,2,1,1,0,207,208,2026-01-07T06:37:18.867Z
2014,0,Sunrisers Hyderabad,11,Delhi Daredevils,2,2,0,0,228,323,2026-01-07T06:37:18.867Z
2011,11,Delhi Daredevils,3,Kochi Tuskers Kerala,2,1,1,0,297,260,2026-01-07T06:37:18.867Z
2015,11,Delhi Daredevils,12,Mumbai Indians,2,1,1,0,342,306,2026-01-07T06:37:18.867Z
2010,9,Kings XI Punjab,1,Chennai Super Kings,2,1,1,0,328,331,2026-01-07T06:37:18.867Z
2013,7,Kolkata Knight Riders,10,Pune Warriors,2,1,1,0,315,276,2026-01-07T06:37:18.867Z
2009,2,Deccan Chargers,11,Delhi Daredevils,3,1,2,0,463,476,2026-01-07T06:37:18.867Z
2017,5,Gujarat Lions,8,Rising Pune Supergiants,2,1,1,0,333,338,2026-01-07T06:37:18.867Z
2015,6,Royal Challengers Bangalore,12,Mumbai Indians,2,1,1,0,426,405,2026-01-07T06:37:18.867Z
2008,4,Rajasthan Royals,6,Royal Challengers Bangalore,2,2,0,0,335,267,2026-01-07T06:37:18.867Z
2008,9,Kings XI Punjab,1,Chennai Super Kings,3,0,3,0,482,537,2026-01-07T06:37:18.867Z
2011,12,Mumbai Indians,9,Kings XI Punjab,2,1,1,0,246,299,2026-01-07T06:37:18.867Z
2015,1,Chennai Super Kings,7,Kolkata Knight Riders,2,1,1,0,299,301,2026-01-07T06:37:18.867Z
2017,9,Kings XI Punjab,8,Rising Pune Supergiants,2,1,1,0,237,241,2026-01-07T06:37:18.867Z
2011,9,Kings XI Punjab,7,Kolkata Knight Riders,1,0,1,0,119,120,2026-01-07T06:37:18.867Z
2012,7,Kolkata Knight Riders,1,Chennai Super Kings,3,2,1,0,490,489,2026-01-07T06:37:18.867Z
2017,0,Sunrisers Hyderabad,8,Rising Pune Supergiants,2,0,2,0,312,327,2026-01-07T06:37:18.867Z
2009,4,Rajasthan Royals,12,Mumbai Indians,1,1,0,0,145,143,2026-01-07T06:37:18.867Z
2012,1,Chennai Super Kings,12,Mumbai Indians,3,1,2,0,472,438,2026-01-07T06:37:18.867Z
2010,6,Royal Challengers Bangalore,7,Kolkata Knight Riders,2,1,1,0,297,296,2026-01-07T06:37:18.867Z
2013,11,Delhi Daredevils,7,Kolkata Knight Riders,2,1,1,0,265,265,2026-01-07T06:37:18.867Z
2015,6,Royal Challengers Bangalore,9,Kings XI Punjab,2,1,1,0,310,194,2026-01-07T06:37:18.867Z
2008,12,Mumbai Indians,6,Royal Challengers Bangalore,2,1,1,0,291,288,2026-01-07T06:37:18.867Z
2010,7,Kolkata Knight Riders,1,Chennai Super Kings,2,0,2,0,248,307,2026-01-07T06:37:18.867Z
2012,4,Rajasthan Royals,11,Delhi Daredevils,2,0,2,0,292,296,2026-01-07T06:37:18.867Z
2017,5,Gujarat Lions,7,Kolkata Knight Riders,2,1,1,0,371,371,2026-01-07T06:37:18.867Z
2008,12,Mumbai Indians,11,Delhi Daredevils,2,1,1,0,338,312,2026-01-07T06:37:18.867Z
2014,1,Chennai Super Kings,6,Royal Challengers Bangalore,2,1,1,0,298,296,2026-01-07T06:37:18.867Z
2015,4,Rajasthan Royals,9,Kings XI Punjab,2,1,1,0,353,327,2026-01-07T06:37:18.867Z
2010,2,Deccan Chargers,6,Royal Challengers Bangalore,3,2,1,0,419,408,2026-01-07T06:37:18.867Z
2011,12,Mumbai Indians,2,Deccan Chargers,2,1,1,0,297,270,2026-01-07T06:37:18.867Z
2016,0,Sunrisers Hyderabad,12,Mumbai Indians,2,2,0,0,322,234,2026-01-07T06:37:18.867Z
2011,6,Royal Challengers Bangalore,9,Kings XI Punjab,2,1,1,0,326,352,2026-01-07T06:37:18.867Z
2011,7,Kolkata Knight Riders,2,Deccan Chargers,2,2,0,0,332,303,2026-01-07T06:37:18.867Z
2014,9,Kings XI Punjab,0,Sunrisers Hyderabad,2,2,0,0,404,326,2026-01-07T06:37:18.867Z
2010,1,Chennai Super Kings,11,Delhi Daredevils,2,1,1,0,302,298,2026-01-07T06:37:18.867Z
2016,9,Kings XI Punjab,0,Sunrisers Hyderabad,2,0,2,0,322,326,2026-01-07T06:37:18.867Z
2009,12,Mumbai Indians,1,Chennai Super Kings,2,1,1,0,312,297,2026-01-07T06:37:18.867Z
2009,6,Royal Challengers Bangalore,4,Rajasthan Royals,2,1,1,0,238,165,2026-01-07T06:37:18.867Z
2012,12,Mumbai Indians,4,Rajasthan Royals,2,2,0,0,360,332,2026-01-07T06:37:18.867Z
2012,12,Mumbai Indians,9,Kings XI Punjab,2,1,1,0,334,332,2026-01-07T06:37:18.867Z
2013,11,Delhi Daredevils,10,Pune Warriors,2,1,1,0,298,321,2026-01-07T06:37:18.867Z
2017,6,Royal Challengers Bangalore,12,Mumbai Indians,2,0,2,0,304,310,2026-01-07T06:37:18.867Z
2008,4,Rajasthan Royals,12,Mumbai Indians,2,1,1,0,249,249,2026-01-07T06:37:18.867Z
2015,6,Royal Challengers Bangalore,4,Rajasthan Royals,3,2,0,1,514,239,2026-01-07T06:37:18.867Z
2012,11,Delhi Daredevils,7,Kolkata Knight Riders,3,1,2,0,397,413,2026-01-07T06:37:18.867Z
2014,7,Kolkata Knight Riders,12,Mumbai Indians,2,2,0,0,305,263,2026-01-07T06:37:18.867Z
2016,9,Kings XI Punjab,8,Rising Pune Supergiants,2,1,1,0,325,325,2026-01-07T06:37:18.867Z
2008,4,Rajasthan Royals,7,Kolkata Knight Riders,2,2,0,0,346,298,2026-01-07T06:37:18.867Z
2009,2,Deccan Chargers,4,Rajasthan Royals,2,1,1,0,307,255,2026-01-07T06:37:18.867Z
2014,1,Chennai Super Kings,7,Kolkata Knight Riders,2,1,1,0,302,270,2026-01-07T06:37:18.867Z
2014,11,Delhi Daredevils,4,Rajasthan Royals,2,0,2,0,291,357,2026-01-07T06:37:18.867Z
2015,0,Sunrisers Hyderabad,7,Kolkata Knight Riders,2,1,1,0,308,268,2026-01-07T06:37:18.867Z
2017,8,Rising Pune Supergiants,6,Royal Challengers Bangalore,2,2,0,0,318,230,2026-01-07T06:37:18.867Z
2009,11,Delhi Daredevils,2,Deccan Chargers,3,2,1,0,476,463,2026-01-07T06:37:18.867Z
2010,9,Kings XI Punjab,12,Mumbai Indians,2,1,1,0,321,318,2026-01-07T06:37:18.867Z
2011,6,Royal Challengers Bangalore,10,Pune Warriors,1,1,0,0,181,155,2026-01-07T06:37:18.867Z
2013,12,Mumbai Indians,0,Sunrisers Hyderabad,2,1,1,0,313,308,2026-01-07T06:37:18.867Z
2011,10,Pune Warriors,12,Mumbai Indians,2,0,2,0,257,284,2026-01-07T06:37:18.867Z
2010,4,Rajasthan Royals,1,Chennai Super Kings,2,1,1,0,400,406,2026-01-07T06:37:18.867Z
2010,11,Delhi Daredevils,7,Kolkata Knight Riders,2,1,1,0,344,318,2026-01-07T06:37:18.867Z
2013,11,Delhi Daredevils,9,Kings XI Punjab,2,0,2,0,284,292,2026-01-07T06:37:18.867Z
2011,10,Pune Warriors,4,Rajasthan Royals,1,0,1,0,143,144,2026-01-07T06:37:18.867Z
2012,12,Mumbai Indians,7,Kolkata Knight Riders,2,1,1,0,290,295,2026-01-07T06:37:18.867Z
2014,4,Rajasthan Royals,11,Delhi Daredevils,2,2,0,0,357,291,2026-01-07T06:37:18.867Z
2016,6,Royal Challengers Bangalore,12,Mumbai Indians,2,0,2,0,321,324,2026-01-07T06:37:18.867Z
2010,7,Kolkata Knight Riders,12,Mumbai Indians,2,1,1,0,290,289,2026-01-07T06:37:18.867Z
2012,10,Pune Warriors,12,Mumbai Indians,2,1,1,0,248,221,2026-01-07T06:37:18.867Z
2015,11,Delhi Daredevils,4,Rajasthan Royals,2,0,2,0,359,375,2026-01-07T06:37:18.867Z
2016,6,Royal Challengers Bangalore,9,Kings XI Punjab,2,2,0,0,386,294,2026-01-07T06:37:18.867Z
2010,7,Kolkata Knight Riders,6,Royal Challengers Bangalore,2,1,1,0,296,297,2026-01-07T06:37:18.867Z
2013,10,Pune Warriors,12,Mumbai Indians,2,0,2,0,254,299,2026-01-07T06:37:18.867Z
2017,11,Delhi Daredevils,7,Kolkata Knight Riders,2,0,2,0,328,330,2026-01-07T06:37:18.867Z
2017,0,Sunrisers Hyderabad,9,Kings XI Punjab,2,2,0,0,366,335,2026-01-07T06:37:18.867Z
2012,9,Kings XI Punjab,12,Mumbai Indians,2,1,1,0,332,334,2026-01-07T06:37:18.867Z
2014,12,Mumbai Indians,4,Rajasthan Royals,2,2,0,0,373,342,2026-01-07T06:37:18.867Z
2017,9,Kings XI Punjab,12,Mumbai Indians,2,1,1,0,428,422,2026-01-07T06:37:18.867Z
2008,1,Chennai Super Kings,6,Royal Challengers Bangalore,2,1,1,0,290,291,2026-01-07T06:37:18.867Z
2010,9,Kings XI Punjab,6,Royal Challengers Bangalore,2,0,2,0,384,388,2026-01-07T06:37:18.867Z
2015,1,Chennai Super Kings,9,Kings XI Punjab,2,2,0,0,326,225,2026-01-07T06:37:18.867Z
2015,0,Sunrisers Hyderabad,6,Royal Challengers Bangalore,2,1,1,0,307,249,2026-01-07T06:37:18.867Z
2017,11,Delhi Daredevils,9,Kings XI Punjab,2,1,1,0,255,205,2026-01-07T06:37:18.867Z
2013,9,Kings XI Punjab,11,Delhi Daredevils,2,2,0,0,292,284,2026-01-07T06:37:18.867Z
2013,10,Pune Warriors,11,Delhi Daredevils,2,1,1,0,321,298,2026-01-07T06:37:18.867Z
2009,1,Chennai Super Kings,11,Delhi Daredevils,2,1,1,0,343,334,2026-01-07T06:37:18.867Z
2010,2,Deccan Chargers,1,Chennai Super Kings,3,2,1,0,433,439,2026-01-07T06:37:18.867Z
2012,9,Kings XI Punjab,11,Delhi Daredevils,2,0,2,0,277,285,2026-01-07T06:37:18.867Z
2009,1,Chennai Super Kings,9,Kings XI Punjab,2,2,0,0,301,266,2026-01-07T06:37:18.867Z
2008,6,Royal Challengers Bangalore,1,Chennai Super Kings,2,1,1,0,291,290,2026-01-07T06:37:18.867Z
2009,11,Delhi Daredevils,6,Royal Challengers Bangalore,2,1,1,0,284,284,2026-01-07T06:37:18.867Z
2011,9,Kings XI Punjab,6,Royal Challengers Bangalore,2,1,1,0,352,326,2026-01-07T06:37:18.867Z
2012,1,Chennai Super Kings,2,Deccan Chargers,2,2,0,0,353,269,2026-01-07T06:37:18.867Z
2012,4,Rajasthan Royals,10,Pune Warriors,2,2,0,0,296,250,2026-01-07T06:37:18.867Z
2015,12,Mumbai Indians,0,Sunrisers Hyderabad,2,2,0,0,271,250,2026-01-07T06:37:18.867Z
2008,11,Delhi Daredevils,1,Chennai Super Kings,2,1,1,0,359,357,2026-01-07T06:37:18.867Z
2012,4,Rajasthan Royals,9,Kings XI Punjab,2,2,0,0,368,294,2026-01-07T06:37:18.867Z
2013,7,Kolkata Knight Riders,0,Sunrisers Hyderabad,2,1,1,0,310,264,2026-01-07T06:37:18.867Z
2016,0,Sunrisers Hyderabad,8,Rising Pune Supergiants,2,1,1,0,255,227,2026-01-07T06:37:18.867Z
2008,7,Kolkata Knight Riders,2,Deccan Chargers,2,2,0,0,316,291,2026-01-07T06:37:18.867Z
2008,7,Kolkata Knight Riders,4,Rajasthan Royals,2,0,2,0,298,346,2026-01-07T06:37:18.867Z
2012,6,Royal Challengers Bangalore,1,Chennai Super Kings,1,0,1,0,205,208,2026-01-07T06:37:18.867Z
2012,12,Mumbai Indians,11,Delhi Daredevils,2,0,2,0,262,300,2026-01-07T06:37:18.867Z
2014,7,Kolkata Knight Riders,9,Kings XI Punjab,4,3,1,0,622,615,2026-01-07T06:37:18.867Z
2015,1,Chennai Super Kings,11,Delhi Daredevils,2,1,1,0,269,269,2026-01-07T06:37:18.867Z
2016,12,Mumbai Indians,5,Gujarat Lions,2,0,2,0,315,320,2026-01-07T06:37:18.867Z
2010,1,Chennai Super Kings,12,Mumbai Indians,3,2,1,0,513,468,2026-01-07T06:37:18.867Z
2015,12,Mumbai Indians,9,Kings XI Punjab,2,1,1,0,331,326,2026-01-07T06:37:18.867Z
2017,8,Rising Pune Supergiants,12,Mumbai Indians,4,3,1,0,637,612,2026-01-07T06:37:18.867Z
2017,8,Rising Pune Supergiants,7,Kolkata Knight Riders,2,1,1,0,340,339,2026-01-07T06:37:18.867Z
2011,3,Kochi Tuskers Kerala,6,Royal Challengers Bangalore,2,0,2,0,286,290,2026-01-07T06:37:18.867Z
2013,9,Kings XI Punjab,7,Kolkata Knight Riders,2,1,1,0,306,303,2026-01-07T06:37:18.867Z
2009,12,Mumbai Indians,6,Royal Challengers Bangalore,2,1,1,0,306,291,2026-01-07T06:37:18.867Z
2017,8,Rising Pune Supergiants,9,Kings XI Punjab,2,1,1,0,241,237,2026-01-07T06:37:18.867Z
2011,4,Rajasthan Royals,6,Royal Challengers Bangalore,1,0,1,0,146,151,2026-01-07T06:37:18.867Z
2012,1,Chennai Super Kings,9,Kings XI Punjab,2,0,2,0,269,279,2026-01-07T06:37:18.867Z
2009,1,Chennai Super Kings,7,Kolkata Knight Riders,1,0,1,0,188,189,2026-01-07T06:37:18.867Z
2014,11,Delhi Daredevils,9,Kings XI Punjab,2,0,2,0,279,284,2026-01-07T06:37:18.867Z
2014,9,Kings XI Punjab,4,Rajasthan Royals,2,2,0,0,372,354,2026-01-07T06:37:18.867Z
2017,7,Kolkata Knight Riders,6,Royal Challengers Bangalore,2,2,0,0,290,207,2026-01-07T06:37:18.867Z
2017,12,Mumbai Indians,0,Sunrisers Hyderabad,2,1,1,0,297,298,2026-01-07T06:37:18.867Z
2013,6,Royal Challengers Bangalore,4,Rajasthan Royals,2,1,1,0,294,290,2026-01-07T06:37:18.867Z
2013,11,Delhi Daredevils,4,Rajasthan Royals,2,0,2,0,314,320,2026-01-07T06:37:18.867Z
2015,9,Kings XI Punjab,12,Mumbai Indians,2,1,1,0,326,331,2026-01-07T06:37:18.867Z
2017,0,Sunrisers Hyderabad,7,Kolkata Knight Riders,3,1,2,0,492,381,2026-01-07T06:37:18.867Z
2008,2,Deccan Chargers,9,Kings XI Punjab,2,0,2,0,339,345,2026-01-07T06:37:18.867Z
2008,4,Rajasthan Royals,11,Delhi Daredevils,3,2,1,0,480,375,2026-01-07T06:37:18.867Z
2013,10,Pune Warriors,4,Rajasthan Royals,2,1,1,0,326,327,2026-01-07T06:37:18.867Z
2015,1,Chennai Super Kings,0,Sunrisers Hyderabad,2,1,1,0,379,356,2026-01-07T06:37:18.867Z
2015,11,Delhi Daredevils,6,Royal Challengers Bangalore,2,0,1,1,282,101,2026-01-07T06:37:18.867Z
2016,6,Royal Challengers Bangalore,8,Rising Pune Supergiants,2,2,0,0,380,363,2026-01-07T06:37:18.867Z
2016,5,Gujarat Lions,11,Delhi Daredevils,2,1,1,0,321,321,2026-01-07T06:37:18.867Z
2012,4,Rajasthan Royals,2,Deccan Chargers,2,1,1,0,323,324,2026-01-07T06:37:18.867Z
2009,1,Chennai Super Kings,4,Rajasthan Royals,2,2,0,0,305,266,2026-01-07T06:37:18.867Z
2010,7,Kolkata Knight Riders,2,Deccan Chargers,2,2,0,0,342,307,2026-01-07T06:37:18.867Z
2010,11,Delhi Daredevils,1,Chennai Super Kings,2,1,1,0,298,302,2026-01-07T06:37:18.867Z
2011,1,Chennai Super Kings,2,Deccan Chargers,1,1,0,0,165,146,2026-01-07T06:37:18.867Z
2017,0,Sunrisers Hyderabad,6,Royal Challengers Bangalore,1,1,0,0,207,172,2026-01-07T06:37:18.867Z
2017,6,Royal Challengers Bangalore,11,Delhi Daredevils,2,2,0,0,318,293,2026-01-07T06:37:18.867Z
2008,9,Kings XI Punjab,12,Mumbai Indians,2,2,0,0,371,304,2026-01-07T06:37:18.867Z
2014,6,Royal Challengers Bangalore,0,Sunrisers Hyderabad,2,1,1,0,318,316,2026-01-07T06:37:18.867Z
2015,1,Chennai Super Kings,4,Rajasthan Royals,2,1,1,0,313,302,2026-01-07T06:37:18.867Z
2016,9,Kings XI Punjab,7,Kolkata Knight Riders,2,0,2,0,295,305,2026-01-07T06:37:18.867Z
2015,12,Mumbai Indians,4,Rajasthan Royals,2,1,1,0,351,344,2026-01-07T06:37:18.867Z
2011,2,Deccan Chargers,6,Royal Challengers Bangalore,1,1,0,0,175,142,2026-01-07T06:37:18.867Z
2012,4,Rajasthan Royals,7,Kolkata Knight Riders,2,1,1,0,295,279,2026-01-07T06:37:18.867Z
2009,6,Royal Challengers Bangalore,2,Deccan Chargers,3,1,2,0,467,485,2026-01-07T06:37:18.867Z
2011,6,Royal Challengers Bangalore,12,Mumbai Indians,2,1,1,0,325,285,2026-01-07T06:37:18.867Z
2009,11,Delhi Daredevils,9,Kings XI Punjab,2,1,1,0,178,227,2026-01-07T06:37:18.867Z
2016,8,Rising Pune Supergiants,9,Kings XI Punjab,2,1,1,0,325,325,2026-01-07T06:37:18.867Z
2010,9,Kings XI Punjab,11,Delhi Daredevils,2,1,1,0,254,257,2026-01-07T06:37:18.867Z
2012,2,Deccan Chargers,12,Mumbai Indians,2,0,2,0,238,243,2026-01-07T06:37:18.867Z
2014,9,Kings XI Punjab,6,Royal Challengers Bangalore,2,2,0,0,325,290,2026-01-07T06:37:18.867Z
2008,2,Deccan Chargers,4,Rajasthan Royals,2,0,2,0,354,358,2026-01-07T06:37:18.867Z
2014,11,Delhi Daredevils,7,Kolkata Knight Riders,2,1,1,0,327,327,2026-01-07T06:37:18.867Z
2016,6,Royal Challengers Bangalore,0,Sunrisers Hyderabad,3,1,2,0,606,584,2026-01-07T06:37:18.867Z
2009,9,Kings XI Punjab,2,Deccan Chargers,2,2,0,0,303,301,2026-01-07T06:37:18.867Z
2011,1,Chennai Super Kings,6,Royal Challengers Bangalore,4,3,1,0,693,613,2026-01-07T06:37:18.867Z
2009,7,Kolkata Knight Riders,9,Kings XI Punjab,2,1,1,0,232,312,2026-01-07T06:37:18.867Z
2011,1,Chennai Super Kings,7,Kolkata Knight Riders,2,1,1,0,267,212,2026-01-07T06:37:18.867Z
2011,9,Kings XI Punjab,11,Delhi Daredevils,2,1,1,0,372,372,2026-01-07T06:37:18.867Z
2008,7,Kolkata Knight Riders,1,Chennai Super Kings,2,0,2,0,296,207,2026-01-07T06:37:18.867Z
2013,9,Kings XI Punjab,4,Rajasthan Royals,2,0,2,0,269,273,2026-01-07T06:37:18.867Z
2010,7,Kolkata Knight Riders,9,Kings XI Punjab,2,1,1,0,383,348,2026-01-07T06:37:18.867Z
2014,11,Delhi Daredevils,1,Chennai Super Kings,2,0,2,0,262,358,2026-01-07T06:37:18.867Z
2014,7,Kolkata Knight Riders,11,Delhi Daredevils,2,1,1,0,327,327,2026-01-07T06:37:18.867Z
2015,9,Kings XI Punjab,1,Chennai Super Kings,2,0,2,0,225,326,2026-01-07T06:37:18.867Z
2008,6,Royal Challengers Bangalore,12,Mumbai Indians,2,1,1,0,288,291,2026-01-07T06:37:18.867Z
2011,3,Kochi Tuskers Kerala,9,Kings XI Punjab,1,0,1,0,178,181,2026-01-07T06:37:18.867Z
2017,5,Gujarat Lions,0,Sunrisers Hyderabad,2,0,2,0,289,298,2026-01-07T06:37:18.867Z
2017,9,Kings XI Punjab,5,Gujarat Lions,2,1,1,0,377,354,2026-01-07T06:37:18.867Z
2011,1,Chennai Super Kings,11,Delhi Daredevils,1,1,0,0,176,158,2026-01-07T06:37:18.867Z
2012,10,Pune Warriors,4,Rajasthan Royals,2,0,2,0,250,296,2026-01-07T06:37:18.867Z
2016,0,Sunrisers Hyderabad,6,Royal Challengers Bangalore,3,2,1,0,584,606,2026-01-07T06:37:18.867Z
2008,11,Delhi Daredevils,9,Kings XI Punjab,2,0,2,0,276,256,2026-01-07T06:37:18.867Z
2009,2,Deccan Chargers,12,Mumbai Indians,2,2,0,0,313,282,2026-01-07T06:37:18.867Z
2012,2,Deccan Chargers,6,Royal Challengers Bangalore,2,1,1,0,313,308,2026-01-07T06:37:18.867Z
2013,1,Chennai Super Kings,10,Pune Warriors,2,1,1,0,299,286,2026-01-07T06:37:18.867Z
2011,12,Mumbai Indians,4,Rajasthan Royals,2,0,2,0,227,229,2026-01-07T06:37:18.867Z
2012,11,Delhi Daredevils,1,Chennai Super Kings,3,1,2,0,361,447,2026-01-07T06:37:18.867Z
2014,1,Chennai Super Kings,9,Kings XI Punjab,3,0,3,0,594,663,2026-01-07T06:37:18.867Z
2014,7,Kolkata Knight Riders,6,Royal Challengers Bangalore,2,2,0,0,345,313,2026-01-07T06:37:18.867Z
2016,0,Sunrisers Hyderabad,11,Delhi Daredevils,2,0,2,0,304,311,2026-01-07T06:37:18.867Z
2013,6,Royal Challengers Bangalore,12,Mumbai Indians,2,1,1,0,292,348,2026-01-07T06:37:18.867Z
2015,9,Kings XI Punjab,7,Kolkata Knight Riders,2,0,2,0,338,343,2026-01-07T06:37:18.867Z
2017,7,Kolkata Knight Riders,5,Gujarat Lions,2,1,1,0,371,371,2026-01-07T06:37:18.867Z
2009,1,Chennai Super Kings,2,Deccan Chargers,2,1,1,0,343,269,2026-01-07T06:37:18.867Z
2008,12,Mumbai Indians,2,Deccan Chargers,2,1,1,0,332,308,2026-01-07T06:37:18.867Z
2012,6,Royal Challengers Bangalore,10,Pune Warriors,2,2,0,0,359,320,2026-01-07T06:37:18.867Z
2017,7,Kolkata Knight Riders,8,Rising Pune Supergiants,2,1,1,0,339,340,2026-01-07T06:37:18.867Z
2009,9,Kings XI Punjab,7,Kolkata Knight Riders,2,1,1,0,312,232,2026-01-07T06:37:18.867Z
2013,6,Royal Challengers Bangalore,7,Kolkata Knight Riders,2,1,1,0,273,270,2026-01-07T06:37:18.867Z
2010,2,Deccan Chargers,9,Kings XI Punjab,2,2,0,0,348,338,2026-01-07T06:37:18.867Z
2015,1,Chennai Super Kings,6,Royal Challengers Bangalore,3,3,0,0,469,417,2026-01-07T06:37:18.867Z
2010,12,Mumbai Indians,11,Delhi Daredevils,2,2,0,0,401,264,2026-01-07T06:37:18.867Z
2012,6,Royal Challengers Bangalore,11,Delhi Daredevils,2,2,0,0,372,331,2026-01-07T06:37:18.867Z
2008,7,Kolkata Knight Riders,11,Delhi Daredevils,1,1,0,0,133,110,2026-01-07T06:37:18.867Z
2015,4,Rajasthan Royals,11,Delhi Daredevils,2,2,0,0,375,359,2026-01-07T06:37:18.867Z
2008,12,Mumbai Indians,4,Rajasthan Royals,2,1,1,0,249,249,2026-01-07T06:37:18.867Z
2009,9,Kings XI Punjab,11,Delhi Daredevils,2,1,1,0,227,178,2026-01-07T06:37:18.867Z
2011,12,Mumbai Indians,11,Delhi Daredevils,2,2,0,0,277,241,2026-01-07T06:37:18.867Z
2016,7,Kolkata Knight Riders,0,Sunrisers Hyderabad,3,2,1,0,457,453,2026-01-07T06:37:18.867Z
2010,4,Rajasthan Royals,6,Royal Challengers Bangalore,2,0,2,0,222,225,2026-01-07T06:37:18.867Z
2017,7,Kolkata Knight Riders,12,Mumbai Indians,3,0,3,0,449,464,2026-01-07T06:37:18.867Z
2008,7,Kolkata Knight Riders,6,Royal Challengers Bangalore,2,2,0,0,351,206,2026-01-07T06:37:18.867Z
2012,1,Chennai Super Kings,7,Kolkata Knight Riders,3,1,2,0,489,490,2026-01-07T06:37:18.867Z
2013,0,Sunrisers Hyderabad,6,Royal Challengers Bangalore,2,1,1,0,291,292,2026-01-07T06:37:18.867Z
2016,12,Mumbai Indians,0,Sunrisers Hyderabad,2,0,2,0,234,322,2026-01-07T06:37:18.867Z
2009,2,Deccan Chargers,6,Royal Challengers Bangalore,3,2,1,0,485,467,2026-01-07T06:37:18.867Z
2017,5,Gujarat Lions,11,Delhi Daredevils,2,0,2,0,403,411,2026-01-07T06:37:18.867Z
2010,11,Delhi Daredevils,4,Rajasthan Royals,2,2,0,0,330,262,2026-01-07T06:37:18.867Z
2015,7,Kolkata Knight Riders,11,Delhi Daredevils,2,2,0,0,318,304,2026-01-07T06:37:18.867Z
2008,2,Deccan Chargers,11,Delhi Daredevils,2,0,2,0,324,337,2026-01-07T06:37:18.867Z
2012,9,Kings XI Punjab,6,Royal Challengers Bangalore,2,1,1,0,326,324,2026-01-07T06:37:18.867Z
2010,9,Kings XI Punjab,4,Rajasthan Royals,2,0,2,0,305,340,2026-01-07T06:37:18.867Z
2012,2,Deccan Chargers,11,Delhi Daredevils,2,0,2,0,344,355,2026-01-07T06:37:18.867Z
2012,6,Royal Challengers Bangalore,12,Mumbai Indians,2,1,1,0,313,314,2026-01-07T06:37:18.867Z
2013,7,Kolkata Knight Riders,6,Royal Challengers Bangalore,2,1,1,0,270,273,2026-01-07T06:37:18.867Z
2013,1,Chennai Super Kings,12,Mumbai Indians,4,1,3,0,535,579,2026-01-07T06:37:18.867Z
2010,11,Delhi Daredevils,9,Kings XI Punjab,2,1,1,0,257,254,2026-01-07T06:37:18.867Z
2011,7,Kolkata Knight Riders,6,Royal Challengers Bangalore,2,0,2,0,260,280,2026-01-07T06:37:18.867Z
2011,7,Kolkata Knight Riders,11,Delhi Daredevils,1,1,0,0,148,131,2026-01-07T06:37:18.867Z
2012,2,Deccan Chargers,4,Rajasthan Royals,2,1,1,0,324,323,2026-01-07T06:37:18.867Z
2015,11,Delhi Daredevils,0,Sunrisers Hyderabad,2,1,1,0,324,326,2026-01-07T06:37:18.867Z
2013,11,Delhi Daredevils,6,Royal Challengers Bangalore,2,0,2,0,331,335,2026-01-07T06:37:18.867Z
2016,12,Mumbai Indians,9,Kings XI Punjab,2,1,1,0,313,291,2026-01-07T06:37:18.867Z
2012,1,Chennai Super Kings,10,Pune Warriors,2,1,1,0,319,307,2026-01-07T06:37:18.867Z
2015,0,Sunrisers Hyderabad,4,Rajasthan Royals,2,1,1,0,328,325,2026-01-07T06:37:18.867Z
2017,12,Mumbai Indians,11,Delhi Daredevils,2,2,0,0,354,194,2026-01-07T06:37:18.867Z
2011,11,Delhi Daredevils,10,Pune Warriors,2,1,0,1,246,187,2026-01-07T06:37:18.867Z
2010,7,Kolkata Knight Riders,11,Delhi Daredevils,2,1,1,0,318,344,2026-01-07T06:37:18.867Z
2012,4,Rajasthan Royals,6,Royal Challengers Bangalore,2,1,1,0,338,325,2026-01-07T06:37:18.867Z
2014,12,Mumbai Indians,6,Royal Challengers Bangalore,2,1,1,0,302,284,2026-01-07T06:37:18.867Z
2014,11,Delhi Daredevils,0,Sunrisers Hyderabad,2,0,2,0,323,228,2026-01-07T06:37:18.867Z
2012,12,Mumbai Indians,6,Royal Challengers Bangalore,2,1,1,0,314,313,2026-01-07T06:37:18.867Z
2012,10,Pune Warriors,9,Kings XI Punjab,2,1,1,0,281,260,2026-01-07T06:37:18.867Z
2012,4,Rajasthan Royals,1,Chennai Super Kings,2,0,2,0,272,274,2026-01-07T06:37:18.867Z
2014,6,Royal Challengers Bangalore,4,Rajasthan Royals,2,0,2,0,260,262,2026-01-07T06:37:18.867Z
2016,8,Rising Pune Supergiants,5,Gujarat Lions,2,0,2,0,358,360,2026-01-07T06:37:18.867Z
2009,6,Royal Challengers Bangalore,9,Kings XI Punjab,2,1,1,0,313,310,2026-01-07T06:37:18.867Z
2011,11,Delhi Daredevils,9,Kings XI Punjab,2,1,1,0,372,372,2026-01-07T06:37:18.867Z
2017,8,Rising Pune Supergiants,0,Sunrisers Hyderabad,2,2,0,0,327,312,2026-01-07T06:37:18.867Z
2010,1,Chennai Super Kings,4,Rajasthan Royals,2,1,1,0,406,400,2026-01-07T06:37:18.867Z
2012,6,Royal Challengers Bangalore,4,Rajasthan Royals,2,1,1,0,325,338,2026-01-07T06:37:18.867Z
2010,4,Rajasthan Royals,9,Kings XI Punjab,2,2,0,0,340,305,2026-01-07T06:37:18.867Z
2011,2,Deccan Chargers,4,Rajasthan Royals,1,0,1,0,137,141,2026-01-07T06:37:18.867Z
2013,12,Mumbai Indians,10,Pune Warriors,2,2,0,0,299,254,2026-01-07T06:37:18.867Z
2013,10,Pune Warriors,1,Chennai Super Kings,2,1,1,0,286,299,2026-01-07T06:37:18.867Z
2014,12,Mumbai Indians,1,Chennai Super Kings,3,0,3,0,471,478,2026-01-07T06:37:18.867Z
2012,2,Deccan Chargers,9,Kings XI Punjab,2,0,2,0,335,364,2026-01-07T06:37:18.867Z
2008,1,Chennai Super Kings,2,Deccan Chargers,2,1,1,0,292,295,2026-01-07T06:37:18.867Z
2009,1,Chennai Super Kings,6,Royal Challengers Bangalore,3,1,2,0,454,368,2026-01-07T06:37:18.867Z
2011,1,Chennai Super Kings,10,Pune Warriors,2,2,0,0,287,258,2026-01-07T06:37:18.867Z
2011,11,Delhi Daredevils,6,Royal Challengers Bangalore,1,0,1,0,160,161,2026-01-07T06:37:18.867Z
2016,7,Kolkata Knight Riders,6,Royal Challengers Bangalore,2,1,1,0,372,371,2026-01-07T06:37:18.867Z
2013,6,Royal Challengers Bangalore,9,Kings XI Punjab,2,0,2,0,364,370,2026-01-07T06:37:18.867Z
2014,6,Royal Challengers Bangalore,1,Chennai Super Kings,2,1,1,0,296,298,2026-01-07T06:37:18.867Z
2015,6,Royal Challengers Bangalore,0,Sunrisers Hyderabad,2,1,1,0,249,307,2026-01-07T06:37:18.867Z
2008,6,Royal Challengers Bangalore,9,Kings XI Punjab,2,0,2,0,269,271,2026-01-07T06:37:18.867Z
2011,10,Pune Warriors,1,Chennai Super Kings,2,0,2,0,258,287,2026-01-07T06:37:18.867Z
2013,12,Mumbai Indians,9,Kings XI Punjab,2,1,1,0,307,353,2026-01-07T06:37:18.867Z
2013,1,Chennai Super Kings,9,Kings XI Punjab,2,2,0,0,325,309,2026-01-07T06:37:18.867Z
2012,11,Delhi Daredevils,4,Rajasthan Royals,2,2,0,0,296,292,2026-01-07T06:37:18.867Z
2013,0,Sunrisers Hyderabad,4,Rajasthan Royals,3,1,2,0,412,394,2026-01-07T06:37:18.867Z
2010,2,Deccan Chargers,11,Delhi Daredevils,2,2,0,0,316,295,2026-01-07T06:37:18.867Z
2011,2,Deccan Chargers,10,Pune Warriors,2,1,1,0,274,273,2026-01-07T06:37:18.867Z
2012,9,Kings XI Punjab,7,Kolkata Knight Riders,2,1,1,0,258,259,2026-01-07T06:37:18.867Z
2013,12,Mumbai Indians,6,Royal Challengers Bangalore,2,1,1,0,348,292,2026-01-07T06:37:18.867Z
2014,6,Royal Challengers Bangalore,11,Delhi Daredevils,2,2,0,0,332,315,2026-01-07T06:37:18.867Z
2016,12,Mumbai Indians,8,Rising Pune Supergiants,2,1,1,0,282,285,2026-01-07T06:37:18.867Z
2014,11,Delhi Daredevils,6,Royal Challengers Bangalore,2,0,2,0,315,332,2026-01-07T06:37:18.867Z
2014,0,Sunrisers Hyderabad,1,Chennai Super Kings,2,1,1,0,334,331,2026-01-07T06:37:18.867Z
2015,7,Kolkata Knight Riders,0,Sunrisers Hyderabad,2,1,1,0,268,308,2026-01-07T06:37:18.867Z
2015,9,Kings XI Punjab,6,Royal Challengers Bangalore,2,1,1,0,194,310,2026-01-07T06:37:18.867Z
2012,6,Royal Challengers Bangalore,9,Kings XI Punjab,2,1,1,0,324,326,2026-01-07T06:37:18.867Z
2013,12,Mumbai Indians,7,Kolkata Knight Riders,2,2,0,0,332,264,2026-01-07T06:37:18.867Z
2009,6,Royal Challengers Bangalore,11,Delhi Daredevils,2,1,1,0,284,284,2026-01-07T06:37:18.867Z
2009,7,Kolkata Knight Riders,11,Delhi Daredevils,2,0,2,0,277,282,2026-01-07T06:37:18.867Z
2010,4,Rajasthan Royals,2,Deccan Chargers,2,2,0,0,310,305,2026-01-07T06:37:18.867Z
2013,1,Chennai Super Kings,11,Delhi Daredevils,2,2,0,0,337,218,2026-01-07T06:37:18.867Z
2017,9,Kings XI Punjab,6,Royal Challengers Bangalore,2,2,0,0,288,267,2026-01-07T06:37:18.867Z
2016,5,Gujarat Lions,6,Royal Challengers Bangalore,3,1,2,0,444,587,2026-01-07T06:37:18.867Z
2017,5,Gujarat Lions,12,Mumbai Indians,2,0,2,0,329,330,2026-01-07T06:37:18.867Z
2010,6,Royal Challengers Bangalore,2,Deccan Chargers,3,1,2,0,408,419,2026-01-07T06:37:18.867Z
2015,0,Sunrisers Hyderabad,12,Mumbai Indians,2,0,2,0,250,271,2026-01-07T06:37:18.867Z
2011,2,Deccan Chargers,11,Delhi Daredevils,2,1,1,0,343,331,2026-01-07T06:37:18.867Z
2013,9,Kings XI Punjab,0,Sunrisers Hyderabad,2,0,2,0,243,277,2026-01-07T06:37:18.867Z
2014,6,Royal Challengers Bangalore,9,Kings XI Punjab,2,0,2,0,290,325,2026-01-07T06:37:18.867Z
2016,11,Delhi Daredevils,6,Royal Challengers Bangalore,2,1,1,0,330,330,2026-01-07T06:37:18.867Z
2011,12,Mumbai Indians,3,Kochi Tuskers Kerala,1,0,1,0,182,184,2026-01-07T06:37:18.867Z
2009,9,Kings XI Punjab,12,Mumbai Indians,2,1,1,0,238,238,2026-01-07T06:37:18.867Z
2013,4,Rajasthan Royals,10,Pune Warriors,2,1,1,0,327,326,2026-01-07T06:37:18.867Z
2013,0,Sunrisers Hyderabad,12,Mumbai Indians,2,1,1,0,308,313,2026-01-07T06:37:18.867Z
2017,12,Mumbai Indians,7,Kolkata Knight Riders,3,3,0,0,464,449,2026-01-07T06:37:18.867Z
2010,1,Chennai Super Kings,7,Kolkata Knight Riders,2,2,0,0,307,248,2026-01-07T06:37:18.867Z
2010,6,Royal Challengers Bangalore,1,Chennai Super Kings,2,1,1,0,332,297,2026-01-07T06:37:18.867Z
2017,12,Mumbai Indians,8,Rising Pune Supergiants,4,1,3,0,612,637,2026-01-07T06:37:18.867Z
2011,10,Pune Warriors,11,Delhi Daredevils,2,0,1,1,187,246,2026-01-07T06:37:18.867Z
2014,0,Sunrisers Hyderabad,7,Kolkata Knight Riders,2,0,2,0,302,307,2026-01-07T06:37:18.867Z
2016,7,Kolkata Knight Riders,9,Kings XI Punjab,2,2,0,0,305,295,2026-01-07T06:37:18.867Z
2008,11,Delhi Daredevils,6,Royal Challengers Bangalore,2,2,0,0,349,335,2026-01-07T06:37:18.867Z
2013,0,Sunrisers Hyderabad,1,Chennai Super Kings,2,0,2,0,305,383,2026-01-07T06:37:18.867Z
2014,0,Sunrisers Hyderabad,9,Kings XI Punjab,2,0,2,0,326,404,2026-01-07T06:37:18.867Z
2015,12,Mumbai Indians,7,Kolkata Knight Riders,2,1,1,0,339,336,2026-01-07T06:37:18.867Z
2009,12,Mumbai Indians,7,Kolkata Knight Riders,2,2,0,0,335,234,2026-01-07T06:37:18.867Z
2011,1,Chennai Super Kings,3,Kochi Tuskers Kerala,2,1,1,0,283,276,2026-01-07T06:37:18.867Z
2012,7,Kolkata Knight Riders,6,Royal Challengers Bangalore,2,2,0,0,355,266,2026-01-07T06:37:18.867Z
2015,4,Rajasthan Royals,7,Kolkata Knight Riders,1,1,0,0,199,190,2026-01-07T06:37:18.867Z
2008,2,Deccan Chargers,1,Chennai Super Kings,2,1,1,0,295,292,2026-01-07T06:37:18.867Z
2009,7,Kolkata Knight Riders,6,Royal Challengers Bangalore,2,0,2,0,312,319,2026-01-07T06:37:18.867Z
2010,12,Mumbai Indians,2,Deccan Chargers,2,2,0,0,350,246,2026-01-07T06:37:18.867Z
2011,2,Deccan Chargers,3,Kochi Tuskers Kerala,1,1,0,0,129,74,2026-01-07T06:37:18.867Z
2012,7,Kolkata Knight Riders,10,Pune Warriors,2,2,0,0,286,245,2026-01-07T06:37:18.867Z
2015,6,Royal Challengers Bangalore,1,Chennai Super Kings,3,0,3,0,417,469,2026-01-07T06:37:18.867Z
2017,0,Sunrisers Hyderabad,11,Delhi Daredevils,2,1,1,0,376,365,2026-01-07T06:37:18.867Z
2010,12,Mumbai Indians,6,Royal Challengers Bangalore,3,2,1,0,526,438,2026-01-07T06:37:18.867Z
2016,6,Royal Challengers Bangalore,11,Delhi Daredevils,2,1,1,0,330,330,2026-01-07T06:37:18.867Z
2008,9,Kings XI Punjab,4,Rajasthan Royals,2,1,1,0,387,348,2026-01-07T06:37:18.867Z
2011,4,Rajasthan Royals,1,Chennai Super Kings,2,0,2,0,280,345,2026-01-07T06:37:18.867Z
2012,7,Kolkata Knight Riders,11,Delhi Daredevils,3,2,1,0,413,397,2026-01-07T06:37:18.867Z
2013,6,Royal Challengers Bangalore,10,Pune Warriors,2,2,0,0,450,303,2026-01-07T06:37:18.867Z
2013,9,Kings XI Punjab,1,Chennai Super Kings,2,0,2,0,309,325,2026-01-07T06:37:18.867Z
2011,3,Kochi Tuskers Kerala,10,Pune Warriors,1,0,1,0,148,151,2026-01-07T06:37:18.867Z
2013,7,Kolkata Knight Riders,11,Delhi Daredevils,2,1,1,0,265,265,2026-01-07T06:37:18.867Z
2017,7,Kolkata Knight Riders,0,Sunrisers Hyderabad,3,2,1,0,381,492,2026-01-07T06:37:18.867Z
2014,9,Kings XI Punjab,1,Chennai Super Kings,3,3,0,0,663,594,2026-01-07T06:37:18.867Z
2009,11,Delhi Daredevils,1,Chennai Super Kings,2,1,1,0,334,343,2026-01-07T06:37:18.867Z
2011,1,Chennai Super Kings,9,Kings XI Punjab,1,0,1,0,188,193,2026-01-07T06:37:18.867Z
2009,4,Rajasthan Royals,9,Kings XI Punjab,2,1,1,0,323,272,2026-01-07T06:37:18.867Z
2010,4,Rajasthan Royals,11,Delhi Daredevils,2,0,2,0,262,330,2026-01-07T06:37:18.867Z
2011,7,Kolkata Knight Riders,12,Mumbai Indians,2,0,2,0,322,326,2026-01-07T06:37:18.867Z
2011,9,Kings XI Punjab,10,Pune Warriors,2,0,2,0,231,233,2026-01-07T06:37:18.867Z
2014,4,Rajasthan Royals,7,Kolkata Knight Riders,2,2,0,0,322,312,2026-01-07T06:37:18.867Z
2013,12,Mumbai Indians,4,Rajasthan Royals,3,2,1,0,427,496,2026-01-07T06:37:18.867Z
2014,4,Rajasthan Royals,1,Chennai Super Kings,2,0,2,0,281,289,2026-01-07T06:37:18.867Z
2015,1,Chennai Super Kings,12,Mumbai Indians,4,1,3,0,670,731,2026-01-07T06:37:18.867Z
2015,7,Kolkata Knight Riders,6,Royal Challengers Bangalore,2,0,2,0,288,294,2026-01-07T06:37:18.867Z
2015,0,Sunrisers Hyderabad,9,Kings XI Punjab,2,2,0,0,335,310,2026-01-07T06:37:18.867Z
2010,9,Kings XI Punjab,2,Deccan Chargers,2,0,2,0,338,348,2026-01-07T06:37:18.867Z
2015,4,Rajasthan Royals,6,Royal Challengers Bangalore,3,0,2,1,239,514,2026-01-07T06:37:18.867Z
2017,9,Kings XI Punjab,7,Kolkata Knight Riders,2,1,1,0,337,324,2026-01-07T06:37:18.867Z
2012,2,Deccan Chargers,10,Pune Warriors,2,2,0,0,363,332,2026-01-07T06:37:18.867Z
2013,6,Royal Challengers Bangalore,1,Chennai Super Kings,2,1,1,0,271,248,2026-01-07T06:37:18.867Z
2015,0,Sunrisers Hyderabad,1,Chennai Super Kings,2,1,1,0,356,379,2026-01-07T06:37:18.867Z
2014,1,Chennai Super Kings,0,Sunrisers Hyderabad,2,1,1,0,331,334,2026-01-07T06:37:18.867Z
2013,4,Rajasthan Royals,6,Royal Challengers Bangalore,2,1,1,0,290,294,2026-01-07T06:37:18.867Z
2014,1,Chennai Super Kings,4,Rajasthan Royals,2,2,0,0,289,281,2026-01-07T06:37:18.867Z
2016,9,Kings XI Punjab,11,Delhi Daredevils,2,1,1,0,292,285,2026-01-07T06:37:18.867Z
2011,4,Rajasthan Royals,3,Kochi Tuskers Kerala,2,1,1,0,208,207,2026-01-07T06:37:18.867Z
2013,4,Rajasthan Royals,12,Mumbai Indians,3,1,2,0,496,427,2026-01-07T06:37:18.867Z
2014,9,Kings XI Punjab,7,Kolkata Knight Riders,4,1,3,0,615,622,2026-01-07T06:37:18.867Z
2016,7,Kolkata Knight Riders,12,Mumbai Indians,2,0,2,0,361,366,2026-01-07T06:37:18.867Z
2017,0,Sunrisers Hyderabad,12,Mumbai Indians,2,1,1,0,298,297,2026-01-07T06:37:18.867Z
2008,11,Delhi Daredevils,4,Rajasthan Royals,3,1,2,0,375,480,2026-01-07T06:37:18.867Z
2013,12,Mumbai Indians,1,Chennai Super Kings,4,3,1,0,579,535,2026-01-07T06:37:18.867Z
2009,9,Kings XI Punjab,4,Rajasthan Royals,2,1,1,0,272,323,2026-01-07T06:37:18.867Z
2011,3,Kochi Tuskers Kerala,7,Kolkata Knight Riders,2,2,0,0,288,265,2026-01-07T06:37:18.867Z
2012,9,Kings XI Punjab,1,Chennai Super Kings,2,2,0,0,279,269,2026-01-07T06:37:18.867Z
2015,9,Kings XI Punjab,11,Delhi Daredevils,2,0,2,0,283,288,2026-01-07T06:37:18.867Z
2010,12,Mumbai Indians,4,Rajasthan Royals,2,2,0,0,386,345,2026-01-07T06:37:18.867Z
2012,10,Pune Warriors,6,Royal Challengers Bangalore,2,0,2,0,320,359,2026-01-07T06:37:18.867Z
2013,0,Sunrisers Hyderabad,10,Pune Warriors,2,2,0,0,245,212,2026-01-07T06:37:18.867Z
2008,6,Royal Challengers Bangalore,11,Delhi Daredevils,2,0,2,0,335,349,2026-01-07T06:37:18.867Z
2011,6,Royal Challengers Bangalore,1,Chennai Super Kings,4,1,3,0,613,693,2026-01-07T06:37:18.867Z
2014,9,Kings XI Punjab,12,Mumbai Indians,2,0,2,0,324,329,2026-01-07T06:37:18.867Z
2008,9,Kings XI Punjab,7,Kolkata Knight Riders,2,1,1,0,352,344,2026-01-07T06:37:18.867Z
2012,1,Chennai Super Kings,11,Delhi Daredevils,3,2,1,0,447,361,2026-01-07T06:37:18.867Z
2011,9,Kings XI Punjab,4,Rajasthan Royals,1,1,0,0,195,147,2026-01-07T06:37:18.867Z
2015,0,Sunrisers Hyderabad,11,Delhi Daredevils,2,1,1,0,326,324,2026-01-07T06:37:18.867Z
2016,5,Gujarat Lions,0,Sunrisers Hyderabad,3,0,3,0,423,429,2026-01-07T06:37:18.867Z
2012,4,Rajasthan Royals,12,Mumbai Indians,2,0,2,0,332,360,2026-01-07T06:37:18.867Z
2016,12,Mumbai Indians,11,Delhi Daredevils,2,1,1,0,360,290,2026-01-07T06:37:18.867Z
2008,6,Royal Challengers Bangalore,4,Rajasthan Royals,2,0,2,0,267,335,2026-01-07T06:37:18.867Z
2012,10,Pune Warriors,11,Delhi Daredevils,2,1,1,0,338,320,2026-01-07T06:37:18.867Z
2012,9,Kings XI Punjab,2,Deccan Chargers,2,2,0,0,364,335,2026-01-07T06:37:18.867Z
2017,8,Rising Pune Supergiants,5,Gujarat Lions,2,1,1,0,338,333,2026-01-07T06:37:18.867Z
2016,8,Rising Pune Supergiants,12,Mumbai Indians,2,1,1,0,285,282,2026-01-07T06:37:18.867Z
2016,11,Delhi Daredevils,8,Rising Pune Supergiants,2,0,2,0,283,242,2026-01-07T06:37:18.867Z
2008,2,Deccan Chargers,6,Royal Challengers Bangalore,2,0,2,0,318,327,2026-01-07T06:37:18.867Z
2011,9,Kings XI Punjab,12,Mumbai Indians,2,1,1,0,299,246,2026-01-07T06:37:18.867Z
2011,10,Pune Warriors,2,Deccan Chargers,2,1,1,0,273,274,2026-01-07T06:37:18.867Z
2016,9,Kings XI Punjab,5,Gujarat Lions,2,1,1,0,315,293,2026-01-07T06:37:18.867Z
2013,11,Delhi Daredevils,0,Sunrisers Hyderabad,2,0,2,0,194,196,2026-01-07T06:37:18.867Z
2010,11,Delhi Daredevils,6,Royal Challengers Bangalore,2,2,0,0,367,313,2026-01-07T06:37:18.867Z
2013,10,Pune Warriors,9,Kings XI Punjab,2,0,2,0,284,286,2026-01-07T06:37:18.867Z
2016,7,Kolkata Knight Riders,5,Gujarat Lions,2,0,2,0,282,289,2026-01-07T06:37:18.867Z
2009,4,Rajasthan Royals,7,Kolkata Knight Riders,2,1,1,0,251,252,2026-01-07T06:37:18.867Z
2014,1,Chennai Super Kings,11,Delhi Daredevils,2,2,0,0,358,262,2026-01-07T06:37:18.867Z
2012,7,Kolkata Knight Riders,12,Mumbai Indians,2,1,1,0,295,290,2026-01-07T06:37:18.867Z
2016,11,Delhi Daredevils,12,Mumbai Indians,2,1,1,0,290,360,2026-01-07T06:37:18.867Z
2009,2,Deccan Chargers,9,Kings XI Punjab,2,0,2,0,301,303,2026-01-07T06:37:18.867Z
2011,12,Mumbai Indians,10,Pune Warriors,2,2,0,0,284,257,2026-01-07T06:37:18.867Z
2013,12,Mumbai Indians,11,Delhi Daredevils,2,1,1,0,370,330,2026-01-07T06:37:18.867Z
2013,1,Chennai Super Kings,4,Rajasthan Royals,2,1,1,0,327,329,2026-01-07T06:37:18.867Z
2014,0,Sunrisers Hyderabad,12,Mumbai Indians,2,1,1,0,329,317,2026-01-07T06:37:18.867Z
2014,0,Sunrisers Hyderabad,6,Royal Challengers Bangalore,2,1,1,0,316,318,2026-01-07T06:37:18.867Z
2016,8,Rising Pune Supergiants,6,Royal Challengers Bangalore,2,0,2,0,363,380,2026-01-07T06:37:18.867Z
2011,4,Rajasthan Royals,7,Kolkata Knight Riders,2,0,2,0,240,245,2026-01-07T06:37:18.867Z
2011,1,Chennai Super Kings,4,Rajasthan Royals,2,2,0,0,345,280,2026-01-07T06:37:18.867Z
2012,11,Delhi Daredevils,12,Mumbai Indians,2,2,0,0,300,262,2026-01-07T06:37:18.867Z
2013,7,Kolkata Knight Riders,12,Mumbai Indians,2,0,2,0,264,332,2026-01-07T06:37:18.867Z
2017,6,Royal Challengers Bangalore,7,Kolkata Knight Riders,2,0,2,0,207,290,2026-01-07T06:37:18.867Z
2008,11,Delhi Daredevils,2,Deccan Chargers,2,2,0,0,337,324,2026-01-07T06:37:18.867Z
2013,6,Royal Challengers Bangalore,0,Sunrisers Hyderabad,2,1,1,0,292,291,2026-01-07T06:37:18.867Z
2009,11,Delhi Daredevils,4,Rajasthan Royals,2,1,1,0,293,283,2026-01-07T06:37:18.867Z
2011,11,Delhi Daredevils,4,Rajasthan Royals,1,0,1,0,151,152,2026-01-07T06:37:18.867Z
2012,12,Mumbai Indians,10,Pune Warriors,2,1,1,0,221,248,2026-01-07T06:37:18.867Z
2013,4,Rajasthan Royals,1,Chennai Super Kings,2,1,1,0,329,327,2026-01-07T06:37:18.867Z
2015,12,Mumbai Indians,1,Chennai Super Kings,4,3,1,0,731,670,2026-01-07T06:37:18.867Z
2008,1,Chennai Super Kings,12,Mumbai Indians,2,1,1,0,364,360,2026-01-07T06:37:18.867Z
2013,7,Kolkata Knight Riders,1,Chennai Super Kings,2,0,2,0,305,324,2026-01-07T06:37:18.867Z
2014,12,Mumbai Indians,7,Kolkata Knight Riders,2,0,2,0,263,305,2026-01-07T06:37:18.867Z
2010,4,Rajasthan Royals,7,Kolkata Knight Riders,2,1,1,0,300,267,2026-01-07T06:37:18.867Z
2015,12,Mumbai Indians,6,Royal Challengers Bangalore,2,1,1,0,405,426,2026-01-07T06:37:18.867Z
2011,12,Mumbai Indians,1,Chennai Super Kings,1,1,0,0,164,156,2026-01-07T06:37:18.867Z
2013,1,Chennai Super Kings,7,Kolkata Knight Riders,2,2,0,0,324,305,2026-01-07T06:37:18.867Z
2014,4,Rajasthan Royals,9,Kings XI Punjab,2,0,2,0,354,372,2026-01-07T06:37:18.867Z
2014,12,Mumbai Indians,11,Delhi Daredevils,2,1,1,0,298,284,2026-01-07T06:37:18.867Z
2008,7,Kolkata Knight Riders,12,Mumbai Indians,2,0,2,0,204,206,2026-01-07T06:37:18.867Z
2009,12,Mumbai Indians,11,Delhi Daredevils,2,0,2,0,281,284,2026-01-07T06:37:18.867Z
2009,4,Rajasthan Royals,1,Chennai Super Kings,2,0,2,0,266,305,2026-01-07T06:37:18.867Z
2012,2,Deccan Chargers,7,Kolkata Knight Riders,1,0,1,0,126,127,2026-01-07T06:37:18.867Z
2013,4,Rajasthan Royals,7,Kolkata Knight Riders,2,1,1,0,276,258,2026-01-07T06:37:18.867Z
2008,4,Rajasthan Royals,1,Chennai Super Kings,3,3,0,0,485,473,2026-01-07T06:37:18.867Z
2016,8,Rising Pune Supergiants,7,Kolkata Knight Riders,2,0,2,0,263,228,2026-01-07T06:37:18.867Z
2017,6,Royal Challengers Bangalore,5,Gujarat Lions,2,1,1,0,347,327,2026-01-07T06:37:18.867Z
2010,12,Mumbai Indians,9,Kings XI Punjab,2,1,1,0,318,321,2026-01-07T06:37:18.867Z
2016,6,Royal Challengers Bangalore,5,Gujarat Lions,3,2,1,0,587,444,2026-01-07T06:37:18.867Z
2017,6,Royal Challengers Bangalore,9,Kings XI Punjab,2,0,2,0,267,288,2026-01-07T06:37:18.867Z
2013,10,Pune Warriors,7,Kolkata Knight Riders,2,1,1,0,276,315,2026-01-07T06:37:18.867Z
2016,11,Delhi Daredevils,7,Kolkata Knight Riders,2,1,1,0,284,258,2026-01-07T06:37:18.867Z
2008,6,Royal Challengers Bangalore,2,Deccan Chargers,2,2,0,0,327,318,2026-01-07T06:37:18.867Z
2011,10,Pune Warriors,7,Kolkata Knight Riders,1,0,1,0,118,119,2026-01-07T06:37:18.867Z
2013,0,Sunrisers Hyderabad,9,Kings XI Punjab,2,2,0,0,277,243,2026-01-07T06:37:18.867Z
2014,0,Sunrisers Hyderabad,4,Rajasthan Royals,2,1,1,0,267,237,2026-01-07T06:37:18.867Z
2016,0,Sunrisers Hyderabad,7,Kolkata Knight Riders,3,1,2,0,453,457,2026-01-07T06:37:18.867Z
2010,2,Deccan Chargers,4,Rajasthan Royals,2,0,2,0,305,310,2026-01-07T06:37:18.867Z
2013,4,Rajasthan Royals,11,Delhi Daredevils,2,2,0,0,320,314,2026-01-07T06:37:18.867Z
2013,1,Chennai Super Kings,0,Sunrisers Hyderabad,2,2,0,0,383,305,2026-01-07T06:37:18.867Z
2009,7,Kolkata Knight Riders,2,Deccan Chargers,2,0,2,0,261,270,2026-01-07T06:37:18.867Z
2011,2,Deccan Chargers,12,Mumbai Indians,2,1,1,0,270,297,2026-01-07T06:37:18.867Z
2014,4,Rajasthan Royals,12,Mumbai Indians,2,0,2,0,342,373,2026-01-07T06:37:18.867Z
2017,11,Delhi Daredevils,8,Rising Pune Supergiants,2,2,0,0,373,269,2026-01-07T06:37:18.867Z
2015,11,Delhi Daredevils,7,Kolkata Knight Riders,2,0,2,0,304,318,2026-01-07T06:37:18.867Z
2011,11,Delhi Daredevils,12,Mumbai Indians,2,0,2,0,241,277,2026-01-07T06:37:18.867Z
2008,2,Deccan Chargers,7,Kolkata Knight Riders,2,0,2,0,291,316,2026-01-07T06:37:18.867Z
2008,1,Chennai Super Kings,4,Rajasthan Royals,3,0,3,0,473,485,2026-01-07T06:37:18.867Z
2008,1,Chennai Super Kings,11,Delhi Daredevils,2,1,1,0,357,359,2026-01-07T06:37:18.867Z
2016,6,Royal Challengers Bangalore,7,Kolkata Knight Riders,2,1,1,0,371,372,2026-01-07T06:37:18.867Z
2010,1,Chennai Super Kings,2,Deccan Chargers,3,1,2,0,439,433,2026-01-07T06:37:18.867Z
2011,2,Deccan Chargers,9,Kings XI Punjab,2,1,1,0,363,282,2026-01-07T06:37:18.867Z
2010,12,Mumbai Indians,7,Kolkata Knight Riders,2,1,1,0,289,290,2026-01-07T06:37:18.867Z
2013,6,Royal Challengers Bangalore,11,Delhi Daredevils,2,2,0,0,335,331,2026-01-07T06:37:18.867Z
2013,9,Kings XI Punjab,12,Mumbai Indians,2,1,1,0,353,307,2026-01-07T06:37:18.867Z
2016,5,Gujarat Lions,8,Rising Pune Supergiants,2,2,0,0,360,358,2026-01-07T06:37:18.867Z
2016,7,Kolkata Knight Riders,8,Rising Pune Supergiants,2,2,0,0,228,263,2026-01-07T06:37:18.867Z
2011,7,Kolkata Knight Riders,1,Chennai Super Kings,2,1,1,0,212,267,2026-01-07T06:37:18.867Z
2011,7,Kolkata Knight Riders,4,Rajasthan Royals,2,2,0,0,245,240,2026-01-07T06:37:18.867Z
2011,12,Mumbai Indians,7,Kolkata Knight Riders,2,2,0,0,326,322,2026-01-07T06:37:18.867Z
2015,4,Rajasthan Royals,1,Chennai Super Kings,2,1,1,0,302,313,2026-01-07T06:37:18.867Z
2016,8,Rising Pune Supergiants,11,Delhi Daredevils,2,2,0,0,242,283,2026-01-07T06:37:18.867Z
2011,2,Deccan Chargers,1,Chennai Super Kings,1,0,1,0,146,165,2026-01-07T06:37:18.867Z
2011,7,Kolkata Knight Riders,10,Pune Warriors,1,1,0,0,119,118,2026-01-07T06:37:18.867Z
2012,9,Kings XI Punjab,10,Pune Warriors,2,1,1,0,260,281,2026-01-07T06:37:18.867Z
2011,12,Mumbai Indians,6,Royal Challengers Bangalore,2,1,1,0,285,325,2026-01-07T06:37:18.867Z
2012,1,Chennai Super Kings,4,Rajasthan Royals,2,2,0,0,274,272,2026-01-07T06:37:18.867Z
2010,1,Chennai Super Kings,6,Royal Challengers Bangalore,2,1,1,0,297,332,2026-01-07T06:37:18.867Z
2011,3,Kochi Tuskers Kerala,1,Chennai Super Kings,2,1,1,0,276,283,2026-01-07T06:37:18.867Z
2017,11,Delhi Daredevils,6,Royal Challengers Bangalore,2,0,2,0,293,318,2026-01-07T06:37:18.867Z
2009,6,Royal Challengers Bangalore,1,Chennai Super Kings,3,2,1,0,368,454,2026-01-07T06:37:18.867Z
2010,6,Royal Challengers Bangalore,9,Kings XI Punjab,2,2,0,0,388,384,2026-01-07T06:37:18.867Z
2009,12,Mumbai Indians,9,Kings XI Punjab,2,1,1,0,238,238,2026-01-07T06:37:18.867Z
2017,12,Mumbai Indians,9,Kings XI Punjab,2,1,1,0,422,428,2026-01-07T06:37:18.867Z
2013,0,Sunrisers Hyderabad,7,Kolkata Knight Riders,2,1,1,0,264,310,2026-01-07T06:37:18.867Z
2015,11,Delhi Daredevils,1,Chennai Super Kings,2,1,1,0,269,269,2026-01-07T06:37:18.867Z
2009,6,Royal Challengers Bangalore,12,Mumbai Indians,2,1,1,0,291,306,2026-01-07T06:37:18.867Z
2011,4,Rajasthan Royals,9,Kings XI Punjab,1,0,1,0,147,195,2026-01-07T06:37:18.867Z
2013,10,Pune Warriors,6,Royal Challengers Bangalore,2,0,2,0,303,450,2026-01-07T06:37:18.867Z
2008,9,Kings XI Punjab,11,Delhi Daredevils,2,2,0,0,256,276,2026-01-07T06:37:18.867Z
2015,4,Rajasthan Royals,12,Mumbai Indians,2,1,1,0,344,351,2026-01-07T06:37:18.867Z
2010,6,Royal Challengers Bangalore,4,Rajasthan Royals,2,2,0,0,225,222,2026-01-07T06:37:18.867Z
2011,7,Kolkata Knight Riders,3,Kochi Tuskers Kerala,2,0,2,0,265,288,2026-01-07T06:37:18.867Z
2008,1,Chennai Super Kings,7,Kolkata Knight Riders,2,2,0,0,207,296,2026-01-07T06:37:18.867Z
2012,7,Kolkata Knight Riders,2,Deccan Chargers,1,1,0,0,127,126,2026-01-07T06:37:18.867Z
2013,9,Kings XI Punjab,6,Royal Challengers Bangalore,2,2,0,0,370,364,2026-01-07T06:37:18.867Z
2014,4,Rajasthan Royals,6,Royal Challengers Bangalore,2,2,0,0,262,260,2026-01-07T06:37:18.867Z
2017,6,Royal Challengers Bangalore,8,Rising Pune Supergiants,2,0,2,0,230,318,2026-01-07T06:37:18.867Z
2008,11,Delhi Daredevils,7,Kolkata Knight Riders,1,0,1,0,110,133,2026-01-07T06:37:18.867Z
2011,6,Royal Challengers Bangalore,7,Kolkata Knight Riders,2,2,0,0,280,260,2026-01-07T06:37:18.867Z
2015,12,Mumbai Indians,11,Delhi Daredevils,2,1,1,0,306,342,2026-01-07T06:37:18.867Z
2016,5,Gujarat Lions,12,Mumbai Indians,2,2,0,0,320,315,2026-01-07T06:37:18.867Z
2015,9,Kings XI Punjab,0,Sunrisers Hyderabad,2,0,2,0,310,335,2026-01-07T06:37:18.867Z
2010,9,Kings XI Punjab,7,Kolkata Knight Riders,2,1,1,0,348,383,2026-01-07T06:37:18.867Z
2013,7,Kolkata Knight Riders,9,Kings XI Punjab,2,1,1,0,303,306,2026-01-07T06:37:18.867Z
2009,7,Kolkata Knight Riders,1,Chennai Super Kings,1,1,0,0,189,188,2026-01-07T06:37:18.867Z
2009,11,Delhi Daredevils,12,Mumbai Indians,2,2,0,0,284,281,2026-01-07T06:37:18.867Z
2014,12,Mumbai Indians,9,Kings XI Punjab,2,2,0,0,329,324,2026-01-07T06:37:18.867Z
2013,0,Sunrisers Hyderabad,11,Delhi Daredevils,2,2,0,0,196,194,2026-01-07T06:37:18.867Z
2017,5,Gujarat Lions,9,Kings XI Punjab,2,1,1,0,354,377,2026-01-07T06:37:18.867Z
2016,12,Mumbai Indians,7,Kolkata Knight Riders,2,2,0,0,366,361,2026-01-07T06:37:18.867Z
2016,12,Mumbai Indians,6,Royal Challengers Bangalore,2,2,0,0,324,321,2026-01-07T06:37:18.867Z
2008,12,Mumbai Indians,9,Kings XI Punjab,2,0,2,0,304,371,2026-01-07T06:37:18.867Z
2016,11,Delhi Daredevils,9,Kings XI Punjab,2,1,1,0,285,292,2026-01-07T06:37:18.867Z
2009,7,Kolkata Knight Riders,12,Mumbai Indians,2,0,2,0,234,335,2026-01-07T06:37:18.867Z
2008,9,Kings XI Punjab,6,Royal Challengers Bangalore,2,2,0,0,271,269,2026-01-07T06:37:18.867Z
2009,7,Kolkata Knight Riders,4,Rajasthan Royals,2,1,1,0,252,251,2026-01-07T06:37:18.867Z
2011,10,Pune Warriors,3,Kochi Tuskers Kerala,1,1,0,0,151,148,2026-01-07T06:37:18.867Z
2011,6,Royal Challengers Bangalore,11,Delhi Daredevils,1,1,0,0,161,160,2026-01-07T06:37:18.867Z
2013,4,Rajasthan Royals,9,Kings XI Punjab,2,2,0,0,273,269,2026-01-07T06:37:18.867Z
2013,11,Delhi Daredevils,1,Chennai Super Kings,2,0,2,0,218,337,2026-01-07T06:37:18.867Z
2016,5,Gujarat Lions,9,Kings XI Punjab,2,1,1,0,293,315,2026-01-07T06:37:18.867Z
2009,9,Kings XI Punjab,1,Chennai Super Kings,2,0,2,0,266,301,2026-01-07T06:37:18.867Z
2010,11,Delhi Daredevils,12,Mumbai Indians,2,0,2,0,264,401,2026-01-07T06:37:18.867Z
2010,11,Delhi Daredevils,2,Deccan Chargers,2,0,2,0,295,316,2026-01-07T06:37:18.867Z
2012,11,Delhi Daredevils,2,Deccan Chargers,2,2,0,0,355,344,2026-01-07T06:37:18.867Z
2013,4,Rajasthan Royals,0,Sunrisers Hyderabad,3,2,1,0,394,412,2026-01-07T06:37:18.867Z
2017,12,Mumbai Indians,5,Gujarat Lions,2,2,0,0,330,329,2026-01-07T06:37:18.867Z
2008,12,Mumbai Indians,1,Chennai Super Kings,2,1,1,0,360,364,2026-01-07T06:37:18.867Z
2015,6,Royal Challengers Bangalore,11,Delhi Daredevils,2,1,0,1,101,282,2026-01-07T06:37:18.867Z
2010,6,Royal Challengers Bangalore,12,Mumbai Indians,3,1,2,0,438,526,2026-01-07T06:37:18.867Z
2011,9,Kings XI Punjab,3,Kochi Tuskers Kerala,1,1,0,0,181,178,2026-01-07T06:37:18.867Z
2014,11,Delhi Daredevils,12,Mumbai Indians,2,1,1,0,284,298,2026-01-07T06:37:18.867Z
2014,7,Kolkata Knight Riders,1,Chennai Super Kings,2,1,1,0,270,302,2026-01-07T06:37:18.867Z
2016,11,Delhi Daredevils,0,Sunrisers Hyderabad,2,2,0,0,311,304,2026-01-07T06:37:18.867Z
2011,2,Deccan Chargers,7,Kolkata Knight Riders,2,0,2,0,303,332,2026-01-07T06:37:18.867Z
2015,7,Kolkata Knight Riders,12,Mumbai Indians,2,1,1,0,336,339,2026-01-07T06:37:18.867Z
2009,11,Delhi Daredevils,7,Kolkata Knight Riders,2,2,0,0,282,277,2026-01-07T06:37:18.867Z
2011,6,Royal Challengers Bangalore,3,Kochi Tuskers Kerala,2,2,0,0,290,286,2026-01-07T06:37:18.867Z
2008,11,Delhi Daredevils,12,Mumbai Indians,2,1,1,0,312,338,2026-01-07T06:37:18.867Z
2011,11,Delhi Daredevils,2,Deccan Chargers,2,1,1,0,331,343,2026-01-07T06:37:18.867Z
2015,7,Kolkata Knight Riders,1,Chennai Super Kings,2,1,1,0,301,299,2026-01-07T06:37:18.867Z
2009,9,Kings XI Punjab,6,Royal Challengers Bangalore,2,1,1,0,310,313,2026-01-07T06:37:18.867Z
2012,6,Royal Challengers Bangalore,2,Deccan Chargers,2,1,1,0,308,313,2026-01-07T06:37:18.867Z
2010,7,Kolkata Knight Riders,4,Rajasthan Royals,2,1,1,0,267,300,2026-01-07T06:37:18.867Z
2014,1,Chennai Super Kings,12,Mumbai Indians,3,3,0,0,478,471,2026-01-07T06:37:18.867Z
2015,4,Rajasthan Royals,0,Sunrisers Hyderabad,2,1,1,0,325,328,2026-01-07T06:37:18.867Z
2015,11,Delhi Daredevils,9,Kings XI Punjab,2,2,0,0,288,283,2026-01-07T06:37:18.867Z
2008,9,Kings XI Punjab,2,Deccan Chargers,2,2,0,0,345,339,2026-01-07T06:37:18.867Z
2013,11,Delhi Daredevils,12,Mumbai Indians,2,1,1,0,330,370,2026-01-07T06:37:18.867Z
2012,7,Kolkata Knight Riders,4,Rajasthan Royals,2,1,1,0,279,295,2026-01-07T06:37:18.867Z
2008,6,Royal Challengers Bangalore,7,Kolkata Knight Riders,2,0,2,0,206,351,2026-01-07T06:37:18.867Z
2017,7,Kolkata Knight Riders,11,Delhi Daredevils,2,2,0,0,330,328,2026-01-07T06:37:18.867Z
2014,12,Mumbai Indians,0,Sunrisers Hyderabad,2,1,1,0,317,329,2026-01-07T06:37:18.867Z
2015,9,Kings XI Punjab,4,Rajasthan Royals,2,1,1,0,327,353,2026-01-07T06:37:18.867Z
2013,7,Kolkata Knight Riders,4,Rajasthan Royals,2,1,1,0,258,276,2026-01-07T06:37:18.867Z
2016,11,Delhi Daredevils,5,Gujarat Lions,2,1,1,0,321,321,2026-01-07T06:37:18.867Z
2011,6,Royal Challengers Bangalore,2,Deccan Chargers,1,0,1,0,142,175,2026-01-07T06:37:18.867Z
2012,10,Pune Warriors,2,Deccan Chargers,2,0,2,0,332,363,2026-01-07T06:37:18.867Z
2009,2,Deccan Chargers,7,Kolkata Knight Riders,2,2,0,0,270,261,2026-01-07T06:37:18.867Z
2017,0,Sunrisers Hyderabad,5,Gujarat Lions,2,2,0,0,298,289,2026-01-07T06:37:18.867Z
2011,10,Pune Warriors,6,Royal Challengers Bangalore,1,0,1,0,155,181,2026-01-07T06:37:18.867Z
2017,5,Gujarat Lions,6,Royal Challengers Bangalore,2,1,1,0,327,347,2026-01-07T06:37:18.867Z
2014,7,Kolkata Knight Riders,4,Rajasthan Royals,2,0,2,0,312,322,2026-01-07T06:37:18.867Z
2016,5,Gujarat Lions,7,Kolkata Knight Riders,2,2,0,0,289,282,2026-01-07T06:37:18.867Z
2011,7,Kolkata Knight Riders,9,Kings XI Punjab,1,1,0,0,120,119,2026-01-07T06:37:18.867Z
2009,2,Deccan Chargers,1,Chennai Super Kings,2,1,1,0,269,343,2026-01-07T06:37:18.867Z
2009,1,Chennai Super Kings,12,Mumbai Indians,2,1,1,0,297,312,2026-01-07T06:37:18.867Z
2009,4,Rajasthan Royals,11,Delhi Daredevils,2,1,1,0,283,293,2026-01-07T06:37:18.867Z
2015,7,Kolkata Knight Riders,9,Kings XI Punjab,2,2,0,0,343,338,2026-01-07T06:37:18.867Z
2016,9,Kings XI Punjab,12,Mumbai Indians,2,1,1,0,291,313,2026-01-07T06:37:18.867Z
2012,11,Delhi Daredevils,10,Pune Warriors,2,1,1,0,320,338,2026-01-07T06:37:18.867Z
2013,10,Pune Warriors,0,Sunrisers Hyderabad,2,0,2,0,212,245,2026-01-07T06:37:18.867Z
2011,10,Pune Warriors,9,Kings XI Punjab,2,2,0,0,233,231,2026-01-07T06:37:18.867Z
2014,9,Kings XI Punjab,11,Delhi Daredevils,2,2,0,0,284,279,2026-01-07T06:37:18.867Z
2008,2,Deccan Chargers,12,Mumbai Indians,2,1,1,0,308,332,2026-01-07T06:37:18.867Z
2017,7,Kolkata Knight Riders,9,Kings XI Punjab,2,1,1,0,324,337,2026-01-07T06:37:18.867Z
2011,4,Rajasthan Royals,2,Deccan Chargers,1,1,0,0,141,137,2026-01-07T06:37:18.867Z
2017,11,Delhi Daredevils,5,Gujarat Lions,2,2,0,0,411,403,2026-01-07T06:37:18.867Z
2011,11,Delhi Daredevils,1,Chennai Super Kings,1,0,1,0,158,176,2026-01-07T06:37:18.867Z
2017,9,Kings XI Punjab,11,Delhi Daredevils,2,1,1,0,205,255,2026-01-07T06:37:18.867Z
2009,6,Royal Challengers Bangalore,7,Kolkata Knight Riders,2,2,0,0,319,312,2026-01-07T06:37:18.867Z
2010,2,Deccan Chargers,7,Kolkata Knight Riders,2,0,2,0,307,342,2026-01-07T06:37:18.867Z
2010,6,Royal Challengers Bangalore,11,Delhi Daredevils,2,0,2,0,313,367,2026-01-07T06:37:18.867Z
2013,1,Chennai Super Kings,6,Royal Challengers Bangalore,2,1,1,0,248,271,2026-01-07T06:37:18.867Z
2016,7,Kolkata Knight Riders,11,Delhi Daredevils,2,1,1,0,258,284,2026-01-07T06:37:18.867Z
2009,4,Rajasthan Royals,6,Royal Challengers Bangalore,2,1,1,0,165,238,2026-01-07T06:37:18.867Z
2011,4,Rajasthan Royals,10,Pune Warriors,1,1,0,0,144,143,2026-01-07T06:37:18.867Z
2012,7,Kolkata Knight Riders,9,Kings XI Punjab,2,1,1,0,259,258,2026-01-07T06:37:18.867Z
2011,11,Delhi Daredevils,7,Kolkata Knight Riders,1,0,1,0,131,148,2026-01-07T06:37:18.867Z
2012,6,Royal Challengers Bangalore,7,Kolkata Knight Riders,2,0,2,0,266,355,2026-01-07T06:37:18.867Z
2016,0,Sunrisers Hyderabad,9,Kings XI Punjab,2,2,0,0,326,322,2026-01-07T06:37:18.867Z
2008,4,Rajasthan Royals,9,Kings XI Punjab,2,1,1,0,348,387,2026-01-07T06:37:18.867Z
2013,9,Kings XI Punjab,10,Pune Warriors,2,2,0,0,286,284,2026-01-07T06:37:18.867Z
2016,8,Rising Pune Supergiants,0,Sunrisers Hyderabad,2,1,1,0,227,255,2026-01-07T06:37:18.867Z
2010,2,Deccan Chargers,12,Mumbai Indians,2,0,2,0,246,350,2026-01-07T06:37:18.867Z
2011,3,Kochi Tuskers Kerala,2,Deccan Chargers,1,0,1,0,74,129,2026-01-07T06:37:18.867Z
2012,11,Delhi Daredevils,9,Kings XI Punjab,2,2,0,0,285,277,2026-01-07T06:37:18.867Z
2012,10,Pune Warriors,7,Kolkata Knight Riders,2,0,2,0,245,286,2026-01-07T06:37:18.867Z
2016,9,Kings XI Punjab,6,Royal Challengers Bangalore,2,0,2,0,294,386,2026-01-07T06:37:18.867Z
2014,6,Royal Challengers Bangalore,7,Kolkata Knight Riders,2,0,2,0,313,345,2026-01-07T06:37:18.867Z
2012,12,Mumbai Indians,2,Deccan Chargers,2,2,0,0,243,238,2026-01-07T06:37:18.867Z
2012,1,Chennai Super Kings,6,Royal Challengers Bangalore,1,1,0,0,208,205,2026-01-07T06:37:18.867Z
2011,4,Rajasthan Royals,12,Mumbai Indians,2,2,0,0,229,227,2026-01-07T06:37:18.867Z
2011,1,Chennai Super Kings,12,Mumbai Indians,1,0,1,0,156,164,2026-01-07T06:37:18.867Z
2014,4,Rajasthan Royals,0,Sunrisers Hyderabad,2,1,1,0,237,267,2026-01-07T06:37:18.867Z
2017,11,Delhi Daredevils,12,Mumbai Indians,2,0,2,0,194,354,2026-01-07T06:37:18.867Z
2015,6,Royal Challengers Bangalore,7,Kolkata Knight Riders,2,2,0,0,294,288,2026-01-07T06:37:18.867Z
2008,12,Mumbai Indians,7,Kolkata Knight Riders,2,2,0,0,206,204,2026-01-07T06:37:18.867Z
2011,9,Kings XI Punjab,2,Deccan Chargers,2,1,1,0,282,363,2026-01-07T06:37:18.867Z
2012,11,Delhi Daredevils,6,Royal Challengers Bangalore,2,0,2,0,331,372,2026-01-07T06:37:18.867Z
2012,2,Deccan Chargers,1,Chennai Super Kings,2,0,2,0,269,353,2026-01-07T06:37:18.867Z
2017,11,Delhi Daredevils,0,Sunrisers Hyderabad,2,1,1,0,365,376,2026-01-07T06:37:18.867Z
2014,6,Royal Challengers Bangalore,12,Mumbai Indians,2,1,1,0,284,302,2026-01-07T06:37:18.867Z
2017,9,Kings XI Punjab,0,Sunrisers Hyderabad,2,0,2,0,335,366,2026-01-07T06:37:18.867Z
2011,4,Rajasthan Royals,11,Delhi Daredevils,1,1,0,0,152,151,2026-01-07T06:37:18.867Z
2011,9,Kings XI Punjab,1,Chennai Super Kings,1,1,0,0,193,188,2026-01-07T06:37:18.867Z
2011,3,Kochi Tuskers Kerala,11,Delhi Daredevils,2,1,1,0,260,297,2026-01-07T06:37:18.867Z
2009,12,Mumbai Indians,4,Rajasthan Royals,1,0,1,0,143,145,2026-01-07T06:37:18.867Z
2008,4,Rajasthan Royals,2,Deccan Chargers,2,2,0,0,358,354,2026-01-07T06:37:18.867Z
2012,10,Pune Warriors,1,Chennai Super Kings,2,1,1,0,307,319,2026-01-07T06:37:18.867Z
2011,3,Kochi Tuskers Kerala,12,Mumbai Indians,1,1,0,0,184,182,2026-01-07T06:37:18.867Z
2016,0,Sunrisers Hyderabad,5,Gujarat Lions,3,3,0,0,429,423,2026-01-07T06:37:18.867Z
2008,7,Kolkata Knight Riders,9,Kings XI Punjab,2,1,1,0,344,352,2026-01-07T06:37:18.867Z
2017,8,Rising Pune Supergiants,11,Delhi Daredevils,2,0,2,0,269,373,2026-01-07T06:37:18.867Z
2009,4,Rajasthan Royals,2,Deccan Chargers,2,1,1,0,255,307,2026-01-07T06:37:18.867Z
2012,9,Kings XI Punjab,4,Rajasthan Royals,2,0,2,0,294,368,2026-01-07T06:37:18.867Z
2010,4,Rajasthan Royals,12,Mumbai Indians,2,0,2,0,345,386,2026-01-07T06:37:18.867Z
2017,6,Royal Challengers Bangalore,0,Sunrisers Hyderabad,1,0,1,0,172,207,2026-01-07T06:37:18.867Z
2010,12,Mumbai Indians,1,Chennai Super Kings,3,1,2,0,468,513,2026-01-07T06:37:18.867Z
2011,6,Royal Challengers Bangalore,4,Rajasthan Royals,1,1,0,0,151,146,2026-01-07T06:37:18.867Z
2014,7,Kolkata Knight Riders,0,Sunrisers Hyderabad,2,2,0,0,307,302,2026-01-07T06:37:18.867Z
2017,12,Mumbai Indians,6,Royal Challengers Bangalore,2,2,0,0,310,304,2026-01-07T06:37:18.867Z
2009,12,Mumbai Indians,2,Deccan Chargers,2,0,2,0,282,313,2026-01-07T06:37:18.867Z
2010,1,Chennai Super Kings,9,Kings XI Punjab,2,1,1,0,331,328,2026-01-07T06:37:18.867Z
2012,12,Mumbai Indians,1,Chennai Super Kings,3,2,1,0,438,472,2026-01-07T06:37:18.867Z
2015,7,Kolkata Knight Riders,4,Rajasthan Royals,1,0,1,0,190,199,2026-01-07T06:37:18.867Z
