venue_sk,venue_name,season,team1_sk,team2_sk,toss_winner_team_sk,toss_decision,match_winner_team_sk,total_matches,team1_wins,team2_wins,batting_first_wins,chasing_wins,avg_first_innings_score,avg_second_innings_score,ingestionts
12,"Rajiv Gandhi International Stadium, Uppal",2017,0,6,6,field,0,1,1,0,1,0,207.0,172.0,2026-01-07T06:33:37.858Z
7,Maharashtra Cricket Association Stadium,2017,12,8,13,field,8,1,0,1,0,1,184.0,187.0,2026-01-07T06:33:37.858Z
24,Saurashtra Cricket Association Stadium,2017,5,7,7,field,7,1,0,1,0,1,183.0,184.0,2026-01-07T06:33:37.858Z
16,Holkar Cricket Stadium,2017,8,9,9,field,9,1,0,1,0,1,163.0,164.0,2026-01-07T06:33:37.858Z
10,M Chinnaswamy Stadium,2017,6,11,6,bat,6,1,1,0,1,0,157.0,142.0,2026-01-07T06:33:37.858Z
12,"Rajiv Gandhi International Stadium, Uppal",2017,5,0,0,field,0,1,0,1,0,1,135.0,140.0,2026-01-07T06:33:37.858Z
21,Wankhede Stadium,2017,7,12,12,field,12,1,0,1,0,1,178.0,180.0,2026-01-07T06:33:37.858Z
16,Holkar Cricket Stadium,2017,6,9,6,bat,9,1,0,1,0,1,148.0,150.0,2026-01-07T06:33:37.858Z
7,Maharashtra Cricket Association Stadium,2017,11,8,13,field,11,1,1,0,1,0,205.0,108.0,2026-01-07T06:33:37.858Z
21,Wankhede Stadium,2017,0,12,12,field,12,1,0,1,0,1,158.0,159.0,2026-01-07T06:33:37.858Z
8,Eden Gardens,2017,9,7,7,field,7,1,0,1,0,1,170.0,171.0,2026-01-07T06:33:37.858Z
10,M Chinnaswamy Stadium,2017,6,12,12,field,12,1,0,1,0,1,142.0,145.0,2026-01-07T06:33:37.858Z
24,Saurashtra Cricket Association Stadium,2017,8,5,5,field,5,1,0,1,0,1,171.0,172.0,2026-01-07T06:33:37.858Z
8,Eden Gardens,2017,7,0,0,field,7,1,1,0,1,0,172.0,155.0,2026-01-07T06:33:37.858Z
11,Feroz Shah Kotla,2017,11,9,11,bat,11,1,1,0,1,0,188.0,137.0,2026-01-07T06:33:37.858Z
21,Wankhede Stadium,2017,5,12,12,field,12,1,0,1,0,1,176.0,177.0,2026-01-07T06:33:37.858Z
10,M Chinnaswamy Stadium,2017,8,6,6,field,8,1,1,0,1,0,161.0,134.0,2026-01-07T06:33:37.858Z
11,Feroz Shah Kotla,2017,11,7,11,bat,7,1,0,1,0,1,168.0,169.0,2026-01-07T06:33:37.858Z
12,"Rajiv Gandhi International Stadium, Uppal",2017,0,9,9,field,0,1,1,0,1,0,159.0,154.0,2026-01-07T06:33:37.858Z
24,Saurashtra Cricket Association Stadium,2017,6,5,5,field,6,1,1,0,1,0,213.0,192.0,2026-01-07T06:33:37.858Z
12,"Rajiv Gandhi International Stadium, Uppal",2017,0,11,0,bat,0,1,1,0,1,0,191.0,176.0,2026-01-07T06:33:37.858Z
16,Holkar Cricket Stadium,2017,9,12,12,field,12,1,0,1,0,1,198.0,199.0,2026-01-07T06:33:37.858Z
8,Eden Gardens,2017,7,5,5,field,5,1,0,1,0,1,187.0,188.0,2026-01-07T06:33:37.858Z
21,Wankhede Stadium,2017,12,11,11,field,12,1,1,0,1,0,142.0,128.0,2026-01-07T06:33:37.858Z
7,Maharashtra Cricket Association Stadium,2017,0,8,13,field,8,1,0,1,0,1,176.0,179.0,2026-01-07T06:33:37.858Z
24,Saurashtra Cricket Association Stadium,2017,9,5,5,field,9,1,1,0,1,0,188.0,162.0,2026-01-07T06:33:37.858Z
8,Eden Gardens,2017,7,6,6,field,7,1,1,0,1,0,131.0,49.0,2026-01-07T06:33:37.858Z
21,Wankhede Stadium,2017,8,12,12,field,8,1,1,0,1,0,160.0,157.0,2026-01-07T06:33:37.858Z
7,Maharashtra Cricket Association Stadium,2017,8,7,7,field,7,1,0,1,0,1,182.0,184.0,2026-01-07T06:33:37.858Z
10,M Chinnaswamy Stadium,2017,6,5,5,field,5,1,0,1,0,1,134.0,135.0,2026-01-07T06:33:37.858Z
8,Eden Gardens,2017,11,7,7,field,7,1,0,1,0,1,160.0,161.0,2026-01-07T06:33:37.858Z
5,"Punjab Cricket Association IS Bindra Stadium, Mohali",2017,0,9,9,field,0,1,1,0,1,0,207.0,181.0,2026-01-07T06:33:37.858Z
7,Maharashtra Cricket Association Stadium,2017,8,6,6,field,8,1,1,0,1,0,157.0,96.0,2026-01-07T06:33:37.858Z
24,Saurashtra Cricket Association Stadium,2017,5,12,5,bat,12,1,0,1,0,1,153.0,153.0,2026-01-07T06:33:37.858Z
5,"Punjab Cricket Association IS Bindra Stadium, Mohali",2017,11,9,9,field,9,1,0,1,0,1,67.0,68.0,2026-01-07T06:33:37.858Z
12,"Rajiv Gandhi International Stadium, Uppal",2017,0,7,7,field,0,1,1,0,1,0,209.0,161.0,2026-01-07T06:33:37.858Z
21,Wankhede Stadium,2017,6,12,6,bat,12,1,0,1,0,1,162.0,165.0,2026-01-07T06:33:37.858Z
7,Maharashtra Cricket Association Stadium,2017,5,8,13,field,8,1,0,1,0,1,161.0,167.0,2026-01-07T06:33:37.858Z
11,Feroz Shah Kotla,2017,0,11,11,field,11,1,0,1,0,1,185.0,189.0,2026-01-07T06:33:37.858Z
8,Eden Gardens,2017,7,8,13,field,8,1,0,1,0,1,155.0,158.0,2026-01-07T06:33:37.858Z
11,Feroz Shah Kotla,2017,5,11,11,field,11,1,0,1,0,1,208.0,214.0,2026-01-07T06:33:37.858Z
10,M Chinnaswamy Stadium,2017,9,6,6,field,9,1,1,0,1,0,138.0,119.0,2026-01-07T06:33:37.858Z
12,"Rajiv Gandhi International Stadium, Uppal",2017,8,0,0,field,8,1,1,0,1,0,148.0,136.0,2026-01-07T06:33:37.858Z
11,Feroz Shah Kotla,2017,12,11,11,field,12,1,1,0,1,0,212.0,66.0,2026-01-07T06:33:37.858Z
10,M Chinnaswamy Stadium,2017,6,7,7,field,7,1,0,1,0,1,158.0,159.0,2026-01-07T06:33:37.858Z
5,"Punjab Cricket Association IS Bindra Stadium, Mohali",2017,9,5,5,field,5,1,0,1,0,1,189.0,192.0,2026-01-07T06:33:37.858Z
12,"Rajiv Gandhi International Stadium, Uppal",2017,12,0,12,bat,0,1,0,1,0,1,138.0,140.0,2026-01-07T06:33:37.858Z
5,"Punjab Cricket Association IS Bindra Stadium, Mohali",2017,9,7,7,field,9,1,1,0,1,0,167.0,153.0,2026-01-07T06:33:37.858Z
15,Green Park,2017,5,11,11,field,11,1,0,1,0,1,195.0,197.0,2026-01-07T06:33:37.858Z
21,Wankhede Stadium,2017,9,12,12,field,9,1,1,0,1,0,230.0,223.0,2026-01-07T06:33:37.858Z
11,Feroz Shah Kotla,2017,11,8,11,bat,11,1,1,0,1,0,168.0,161.0,2026-01-07T06:33:37.858Z
15,Green Park,2017,5,0,0,field,0,1,0,1,0,1,154.0,158.0,2026-01-07T06:33:37.858Z
8,Eden Gardens,2017,12,7,7,field,12,1,1,0,1,0,173.0,164.0,2026-01-07T06:33:37.858Z
7,Maharashtra Cricket Association Stadium,2017,9,8,13,field,8,1,0,1,0,1,73.0,78.0,2026-01-07T06:33:37.858Z
11,Feroz Shah Kotla,2017,6,11,6,bat,6,1,1,0,1,0,161.0,151.0,2026-01-07T06:33:37.858Z
21,Wankhede Stadium,2017,8,12,12,field,8,1,1,0,1,0,162.0,142.0,2026-01-07T06:33:37.858Z
10,M Chinnaswamy Stadium,2017,0,7,7,field,7,1,0,1,0,1,128.0,48.0,2026-01-07T06:33:37.858Z
10,M Chinnaswamy Stadium,2017,7,12,12,field,12,1,0,1,0,1,107.0,111.0,2026-01-07T06:33:37.858Z
12,"Rajiv Gandhi International Stadium, Uppal",2017,12,8,12,bat,12,1,1,0,1,0,129.0,128.0,2026-01-07T06:33:37.858Z
10,M Chinnaswamy Stadium,2008,7,6,6,field,7,1,1,0,1,0,222.0,82.0,2026-01-07T06:33:37.858Z
3,"Punjab Cricket Association Stadium, Mohali",2008,1,9,1,bat,1,1,1,0,1,0,240.0,207.0,2026-01-07T06:33:37.858Z
11,Feroz Shah Kotla,2008,4,11,4,bat,11,1,0,1,0,1,129.0,132.0,2026-01-07T06:33:37.858Z
21,Wankhede Stadium,2008,12,6,12,bat,6,1,0,1,0,1,165.0,166.0,2026-01-07T06:33:37.858Z
8,Eden Gardens,2008,2,7,2,bat,7,1,0,1,0,1,110.0,112.0,2026-01-07T06:33:37.858Z
29,Sawai Mansingh Stadium,2008,9,4,9,bat,4,1,0,1,0,1,166.0,168.0,2026-01-07T06:33:37.858Z
12,"Rajiv Gandhi International Stadium, Uppal",2008,2,11,2,bat,11,1,0,1,0,1,142.0,143.0,2026-01-07T06:33:37.858Z
31,"MA Chidambaram Stadium, Chepauk",2008,1,12,12,field,1,1,1,0,1,0,208.0,202.0,2026-01-07T06:33:37.858Z
12,"Rajiv Gandhi International Stadium, Uppal",2008,2,4,4,field,4,1,0,1,0,1,214.0,217.0,2026-01-07T06:33:37.858Z
3,"Punjab Cricket Association Stadium, Mohali",2008,9,12,12,field,9,1,1,0,1,0,182.0,116.0,2026-01-07T06:33:37.858Z
10,M Chinnaswamy Stadium,2008,6,4,4,field,4,1,0,1,0,1,135.0,138.0,2026-01-07T06:33:37.858Z
31,"MA Chidambaram Stadium, Chepauk",2008,7,1,7,bat,1,1,0,1,0,1,147.0,152.0,2026-01-07T06:33:37.858Z
25,Dr DY Patil Sports Academy,2008,12,2,2,field,2,1,0,1,0,1,154.0,155.0,2026-01-07T06:33:37.858Z
3,"Punjab Cricket Association Stadium, Mohali",2008,11,9,11,bat,9,1,0,1,0,1,158.0,162.0,2026-01-07T06:33:37.858Z
10,M Chinnaswamy Stadium,2008,1,6,1,bat,1,1,1,0,1,0,178.0,165.0,2026-01-07T06:33:37.858Z
8,Eden Gardens,2008,7,12,7,bat,12,1,0,1,0,1,137.0,138.0,2026-01-07T06:33:37.858Z
11,Feroz Shah Kotla,2008,11,6,6,field,11,1,1,0,1,0,191.0,181.0,2026-01-07T06:33:37.858Z
12,"Rajiv Gandhi International Stadium, Uppal",2008,2,9,9,field,9,1,0,1,0,1,164.0,167.0,2026-01-07T06:33:37.858Z
29,Sawai Mansingh Stadium,2008,4,7,4,bat,4,1,1,0,1,0,196.0,151.0,2026-01-07T06:33:37.858Z
31,"MA Chidambaram Stadium, Chepauk",2008,1,11,1,bat,11,1,0,1,0,1,169.0,172.0,2026-01-07T06:33:37.858Z
12,"Rajiv Gandhi International Stadium, Uppal",2008,2,6,2,bat,6,1,0,1,0,1,165.0,171.0,2026-01-07T06:33:37.858Z
3,"Punjab Cricket Association Stadium, Mohali",2008,9,7,9,bat,9,1,1,0,1,0,178.0,169.0,2026-01-07T06:33:37.858Z
25,Dr DY Patil Sports Academy,2008,12,11,11,field,12,1,1,0,1,0,162.0,133.0,2026-01-07T06:33:37.858Z
29,Sawai Mansingh Stadium,2008,1,4,1,bat,4,1,0,1,0,1,109.0,110.0,2026-01-07T06:33:37.858Z
10,M Chinnaswamy Stadium,2008,6,9,9,field,9,1,0,1,0,1,126.0,127.0,2026-01-07T06:33:37.858Z
31,"MA Chidambaram Stadium, Chepauk",2008,1,2,2,field,2,1,0,1,0,1,144.0,148.0,2026-01-07T06:33:37.858Z
25,Dr DY Patil Sports Academy,2008,4,12,12,field,12,1,0,1,0,1,103.0,104.0,2026-01-07T06:33:37.858Z
11,Feroz Shah Kotla,2008,11,1,1,field,1,1,0,1,0,1,187.0,188.0,2026-01-07T06:33:37.858Z
8,Eden Gardens,2008,7,6,7,bat,7,1,1,0,1,0,129.0,124.0,2026-01-07T06:33:37.858Z
29,Sawai Mansingh Stadium,2008,2,4,4,field,4,1,0,1,0,1,140.0,141.0,2026-01-07T06:33:37.858Z
10,M Chinnaswamy Stadium,2008,6,12,12,field,12,1,0,1,0,1,122.0,126.0,2026-01-07T06:33:37.858Z
31,"MA Chidambaram Stadium, Chepauk",2008,1,9,9,field,1,1,1,0,1,0,181.0,163.0,2026-01-07T06:33:37.858Z
12,"Rajiv Gandhi International Stadium, Uppal",2008,7,2,7,bat,7,1,1,0,1,0,204.0,181.0,2026-01-07T06:33:37.858Z
29,Sawai Mansingh Stadium,2008,11,4,4,field,4,1,0,1,0,1,156.0,159.0,2026-01-07T06:33:37.858Z
3,"Punjab Cricket Association Stadium, Mohali",2008,6,9,6,bat,9,1,0,1,0,1,143.0,144.0,2026-01-07T06:33:37.858Z
8,Eden Gardens,2008,7,11,7,bat,7,1,1,0,1,0,133.0,110.0,2026-01-07T06:33:37.858Z
21,Wankhede Stadium,2008,1,12,12,field,12,1,0,1,0,1,156.0,158.0,2026-01-07T06:33:37.858Z
3,"Punjab Cricket Association Stadium, Mohali",2008,9,4,4,field,9,1,1,0,1,0,221.0,180.0,2026-01-07T06:33:37.858Z
11,Feroz Shah Kotla,2008,11,2,2,field,11,1,1,0,1,0,194.0,182.0,2026-01-07T06:33:37.858Z
21,Wankhede Stadium,2008,7,12,12,field,12,1,0,1,0,1,67.0,68.0,2026-01-07T06:33:37.858Z
11,Feroz Shah Kotla,2008,11,9,11,bat,9,1,0,1,0,1,118.0,94.0,2026-01-07T06:33:37.858Z
29,Sawai Mansingh Stadium,2008,4,6,6,field,4,1,1,0,1,0,197.0,132.0,2026-01-07T06:33:37.858Z
12,"Rajiv Gandhi International Stadium, Uppal",2008,12,2,2,field,12,1,1,0,1,0,178.0,153.0,2026-01-07T06:33:37.858Z
8,Eden Gardens,2008,7,1,7,bat,1,1,0,1,0,1,149.0,55.0,2026-01-07T06:33:37.858Z
10,M Chinnaswamy Stadium,2008,6,11,11,field,11,1,0,1,0,1,154.0,158.0,2026-01-07T06:33:37.858Z
8,Eden Gardens,2008,7,4,4,field,4,1,0,1,0,1,147.0,150.0,2026-01-07T06:33:37.858Z
21,Wankhede Stadium,2008,9,12,12,field,9,1,1,0,1,0,189.0,188.0,2026-01-07T06:33:37.858Z
31,"MA Chidambaram Stadium, Chepauk",2008,6,1,6,bat,6,1,1,0,1,0,126.0,112.0,2026-01-07T06:33:37.858Z
3,"Punjab Cricket Association Stadium, Mohali",2008,2,9,9,field,9,1,0,1,0,1,175.0,178.0,2026-01-07T06:33:37.858Z
11,Feroz Shah Kotla,2008,12,11,11,field,11,1,0,1,0,1,176.0,179.0,2026-01-07T06:33:37.858Z
31,"MA Chidambaram Stadium, Chepauk",2008,4,1,4,bat,4,1,1,0,1,0,211.0,201.0,2026-01-07T06:33:37.858Z
10,M Chinnaswamy Stadium,2008,6,2,2,field,6,1,1,0,1,0,156.0,153.0,2026-01-07T06:33:37.858Z
8,Eden Gardens,2008,9,7,9,bat,7,1,0,1,0,1,174.0,175.0,2026-01-07T06:33:37.858Z
29,Sawai Mansingh Stadium,2008,12,4,4,field,4,1,0,1,0,1,145.0,146.0,2026-01-07T06:33:37.858Z
12,"Rajiv Gandhi International Stadium, Uppal",2008,2,1,2,bat,1,1,0,1,0,1,147.0,148.0,2026-01-07T06:33:37.858Z
21,Wankhede Stadium,2008,4,11,11,field,4,1,1,0,1,0,192.0,87.0,2026-01-07T06:33:37.858Z
21,Wankhede Stadium,2008,9,1,9,bat,1,1,0,1,0,1,112.0,116.0,2026-01-07T06:33:37.858Z
25,Dr DY Patil Sports Academy,2008,1,4,4,field,4,1,0,1,0,1,163.0,164.0,2026-01-07T06:33:37.858Z
22,Newlands,2009,12,1,1,field,12,1,1,0,1,0,165.0,146.0,2026-01-07T06:33:37.858Z
22,Newlands,2009,6,4,6,bat,6,1,1,0,1,0,133.0,58.0,2026-01-07T06:33:37.858Z
22,Newlands,2009,9,11,11,field,11,1,0,1,0,1,104.0,58.0,2026-01-07T06:33:37.858Z
22,Newlands,2009,7,2,7,bat,2,1,0,1,0,1,101.0,104.0,2026-01-07T06:33:37.858Z
20,St George's Park,2009,1,6,1,bat,1,1,1,0,1,0,179.0,87.0,2026-01-07T06:33:37.858Z
33,Kingsmead,2009,9,7,7,field,7,1,0,1,0,1,158.0,79.0,2026-01-07T06:33:37.858Z
22,Newlands,2009,2,6,2,bat,2,1,1,0,1,0,184.0,160.0,2026-01-07T06:33:37.858Z
33,Kingsmead,2009,11,1,11,bat,11,1,1,0,1,0,189.0,180.0,2026-01-07T06:33:37.858Z
22,Newlands,2009,4,7,7,field,4,1,1,0,1,0,150.0,150.0,2026-01-07T06:33:37.858Z
33,Kingsmead,2009,6,9,6,bat,9,1,0,1,0,1,168.0,173.0,2026-01-07T06:33:37.858Z
33,Kingsmead,2009,2,12,2,bat,2,1,1,0,1,0,168.0,156.0,2026-01-07T06:33:37.858Z
20,St George's Park,2009,6,11,6,bat,11,1,0,1,0,1,149.0,150.0,2026-01-07T06:33:37.858Z
22,Newlands,2009,9,4,9,bat,9,1,1,0,1,0,139.0,112.0,2026-01-07T06:33:37.858Z
33,Kingsmead,2009,1,2,2,field,2,1,0,1,0,1,165.0,169.0,2026-01-07T06:33:37.858Z
20,St George's Park,2009,12,7,12,bat,12,1,1,0,1,0,187.0,95.0,2026-01-07T06:33:37.858Z
28,SuperSport Park,2009,11,4,11,bat,4,1,0,1,0,1,143.0,147.0,2026-01-07T06:33:37.858Z
33,Kingsmead,2009,7,6,7,bat,6,1,0,1,0,1,139.0,143.0,2026-01-07T06:33:37.858Z
33,Kingsmead,2009,9,12,9,bat,9,1,1,0,1,0,119.0,116.0,2026-01-07T06:33:37.858Z
28,SuperSport Park,2009,2,11,11,field,11,1,0,1,0,1,148.0,150.0,2026-01-07T06:33:37.858Z
28,SuperSport Park,2009,1,4,4,field,1,1,1,0,1,0,164.0,126.0,2026-01-07T06:33:37.858Z
26,Buffalo Park,2009,12,7,12,bat,12,1,1,0,1,0,148.0,139.0,2026-01-07T06:33:37.858Z
33,Kingsmead,2009,6,9,6,bat,6,1,1,0,1,0,145.0,137.0,2026-01-07T06:33:37.858Z
20,St George's Park,2009,2,4,2,bat,4,1,0,1,0,1,141.0,142.0,2026-01-07T06:33:37.858Z
27,New Wanderers Stadium,2009,1,11,11,field,1,1,1,0,1,0,163.0,145.0,2026-01-07T06:33:37.858Z
20,St George's Park,2009,7,9,7,bat,9,1,0,1,0,1,153.0,154.0,2026-01-07T06:33:37.858Z
27,New Wanderers Stadium,2009,12,6,12,bat,6,1,0,1,0,1,149.0,150.0,2026-01-07T06:33:37.858Z
26,Buffalo Park,2009,1,2,1,bat,1,1,1,0,1,0,178.0,100.0,2026-01-07T06:33:37.858Z
33,Kingsmead,2009,4,9,9,field,4,1,1,0,1,0,211.0,133.0,2026-01-07T06:33:37.858Z
33,Kingsmead,2009,7,11,7,bat,11,1,0,1,0,1,154.0,157.0,2026-01-07T06:33:37.858Z
28,SuperSport Park,2009,2,12,2,bat,2,1,1,0,1,0,145.0,126.0,2026-01-07T06:33:37.858Z
28,SuperSport Park,2009,6,4,4,field,4,1,0,1,0,1,105.0,107.0,2026-01-07T06:33:37.858Z
28,SuperSport Park,2009,1,9,1,bat,1,1,1,0,1,0,185.0,174.0,2026-01-07T06:33:37.858Z
26,Buffalo Park,2009,12,11,12,bat,11,1,0,1,0,1,116.0,118.0,2026-01-07T06:33:37.858Z
32,De Beers Diamond Oval,2009,2,9,9,field,9,1,0,1,0,1,168.0,169.0,2026-01-07T06:33:37.858Z
32,De Beers Diamond Oval,2009,4,1,4,bat,1,1,0,1,0,1,140.0,141.0,2026-01-07T06:33:37.858Z
20,St George's Park,2009,12,6,12,bat,12,1,1,0,1,0,157.0,141.0,2026-01-07T06:33:37.858Z
27,New Wanderers Stadium,2009,7,11,11,field,11,1,0,1,0,1,123.0,125.0,2026-01-07T06:33:37.858Z
32,De Beers Diamond Oval,2009,2,4,2,bat,2,1,1,0,1,0,166.0,113.0,2026-01-07T06:33:37.858Z
28,SuperSport Park,2009,7,6,6,field,6,1,0,1,0,1,173.0,176.0,2026-01-07T06:33:37.858Z
28,SuperSport Park,2009,9,12,9,bat,12,1,0,1,0,1,119.0,122.0,2026-01-07T06:33:37.858Z
33,Kingsmead,2009,11,2,2,field,11,1,1,0,1,0,173.0,161.0,2026-01-07T06:33:37.858Z
33,Kingsmead,2009,1,6,1,bat,6,1,0,1,0,1,129.0,132.0,2026-01-07T06:33:37.858Z
33,Kingsmead,2009,4,12,4,bat,4,1,1,0,1,0,145.0,143.0,2026-01-07T06:33:37.858Z
9,OUTsurance Oval,2009,11,9,9,field,9,1,0,1,0,1,120.0,123.0,2026-01-07T06:33:37.858Z
20,St George's Park,2009,12,1,12,bat,1,1,0,1,0,1,147.0,151.0,2026-01-07T06:33:37.858Z
27,New Wanderers Stadium,2009,7,2,2,field,2,1,0,1,0,1,160.0,166.0,2026-01-07T06:33:37.858Z
27,New Wanderers Stadium,2009,9,2,2,field,9,1,1,0,1,0,134.0,133.0,2026-01-07T06:33:37.858Z
9,OUTsurance Oval,2009,11,4,11,bat,11,1,1,0,1,0,150.0,136.0,2026-01-07T06:33:37.858Z
28,SuperSport Park,2009,1,7,1,bat,7,1,0,1,0,1,188.0,189.0,2026-01-07T06:33:37.858Z
27,New Wanderers Stadium,2009,11,6,11,bat,6,1,0,1,0,1,134.0,135.0,2026-01-07T06:33:37.858Z
33,Kingsmead,2009,4,7,7,field,7,1,0,1,0,1,101.0,102.0,2026-01-07T06:33:37.858Z
33,Kingsmead,2009,1,9,1,bat,1,1,1,0,1,0,116.0,92.0,2026-01-07T06:33:37.858Z
28,SuperSport Park,2009,12,11,11,field,11,1,0,1,0,1,165.0,166.0,2026-01-07T06:33:37.858Z
28,SuperSport Park,2009,6,2,6,bat,6,1,1,0,1,0,170.0,158.0,2026-01-07T06:33:37.858Z
28,SuperSport Park,2009,11,2,2,field,2,1,0,1,0,1,153.0,154.0,2026-01-07T06:33:37.858Z
27,New Wanderers Stadium,2009,1,6,6,field,6,1,0,1,0,1,146.0,149.0,2026-01-07T06:33:37.858Z
27,New Wanderers Stadium,2009,2,6,6,field,2,1,1,0,1,0,143.0,137.0,2026-01-07T06:33:37.858Z
25,Dr DY Patil Sports Academy,2010,7,2,2,field,7,1,1,0,1,0,161.0,150.0,2026-01-07T06:33:37.858Z
13,Brabourne Stadium,2010,12,4,12,bat,12,1,1,0,1,0,212.0,208.0,2026-01-07T06:33:37.858Z
3,"Punjab Cricket Association Stadium, Mohali",2010,9,11,11,field,11,1,0,1,0,1,142.0,146.0,2026-01-07T06:33:37.858Z
8,Eden Gardens,2010,6,7,7,field,7,1,0,1,0,1,135.0,136.0,2026-01-07T06:33:37.858Z
31,"MA Chidambaram Stadium, Chepauk",2010,2,1,2,bat,2,1,1,0,1,0,190.0,159.0,2026-01-07T06:33:37.858Z
2,"Sardar Patel Stadium, Motera",2010,4,11,11,field,11,1,0,1,0,1,141.0,142.0,2026-01-07T06:33:37.858Z
10,M Chinnaswamy Stadium,2010,9,6,9,bat,6,1,0,1,0,1,203.0,204.0,2026-01-07T06:33:37.858Z
8,Eden Gardens,2010,1,7,1,bat,1,1,1,0,1,0,164.0,109.0,2026-01-07T06:33:37.858Z
11,Feroz Shah Kotla,2010,12,11,11,field,12,1,1,0,1,0,218.0,120.0,2026-01-07T06:33:37.858Z
10,M Chinnaswamy Stadium,2010,4,6,6,field,6,1,0,1,0,1,92.0,93.0,2026-01-07T06:33:37.858Z
11,Feroz Shah Kotla,2010,11,1,11,bat,1,1,0,1,0,1,185.0,190.0,2026-01-07T06:33:37.858Z
4,Barabati Stadium,2010,2,9,9,field,2,1,1,0,1,0,170.0,164.0,2026-01-07T06:33:37.858Z
2,"Sardar Patel Stadium, Motera",2010,4,7,4,bat,4,1,1,0,1,0,168.0,134.0,2026-01-07T06:33:37.858Z
13,Brabourne Stadium,2010,12,6,12,bat,6,1,0,1,0,1,151.0,155.0,2026-01-07T06:33:37.858Z
4,Barabati Stadium,2010,2,11,2,bat,2,1,1,0,1,0,171.0,161.0,2026-01-07T06:33:37.858Z
31,"MA Chidambaram Stadium, Chepauk",2010,9,1,1,field,9,1,1,0,1,0,136.0,136.0,2026-01-07T06:33:37.858Z
13,Brabourne Stadium,2010,7,12,7,bat,12,1,0,1,0,1,155.0,156.0,2026-01-07T06:33:37.858Z
10,M Chinnaswamy Stadium,2010,6,1,1,field,6,1,1,0,1,0,171.0,135.0,2026-01-07T06:33:37.858Z
3,"Punjab Cricket Association Stadium, Mohali",2010,4,9,9,field,4,1,1,0,1,0,183.0,152.0,2026-01-07T06:33:37.858Z
13,Brabourne Stadium,2010,1,12,12,field,12,1,0,1,0,1,180.0,181.0,2026-01-07T06:33:37.858Z
2,"Sardar Patel Stadium, Motera",2010,2,4,2,bat,4,1,0,1,0,1,148.0,151.0,2026-01-07T06:33:37.858Z
3,"Punjab Cricket Association Stadium, Mohali",2010,7,9,7,bat,7,1,1,0,1,0,183.0,144.0,2026-01-07T06:33:37.858Z
10,M Chinnaswamy Stadium,2010,11,6,6,field,11,1,1,0,1,0,183.0,166.0,2026-01-07T06:33:37.858Z
2,"Sardar Patel Stadium, Motera",2010,4,1,4,bat,4,1,1,0,1,0,177.0,160.0,2026-01-07T06:33:37.858Z
25,Dr DY Patil Sports Academy,2010,12,2,2,field,12,1,1,0,1,0,172.0,131.0,2026-01-07T06:33:37.858Z
11,Feroz Shah Kotla,2010,11,7,11,bat,11,1,1,0,1,0,177.0,137.0,2026-01-07T06:33:37.858Z
13,Brabourne Stadium,2010,9,12,12,field,12,1,0,1,0,1,163.0,164.0,2026-01-07T06:33:37.858Z
31,"MA Chidambaram Stadium, Chepauk",2010,6,1,6,bat,1,1,0,1,0,1,161.0,162.0,2026-01-07T06:33:37.858Z
11,Feroz Shah Kotla,2010,11,4,11,bat,11,1,1,0,1,0,188.0,121.0,2026-01-07T06:33:37.858Z
8,Eden Gardens,2010,7,2,7,bat,7,1,1,0,1,0,181.0,157.0,2026-01-07T06:33:37.858Z
3,"Punjab Cricket Association Stadium, Mohali",2010,9,6,9,bat,6,1,0,1,0,1,181.0,184.0,2026-01-07T06:33:37.858Z
31,"MA Chidambaram Stadium, Chepauk",2010,1,4,1,bat,1,1,1,0,1,0,246.0,223.0,2026-01-07T06:33:37.858Z
13,Brabourne Stadium,2010,12,2,12,bat,12,1,1,0,1,0,178.0,115.0,2026-01-07T06:33:37.858Z
8,Eden Gardens,2010,7,9,7,bat,9,1,0,1,0,1,200.0,204.0,2026-01-07T06:33:37.858Z
11,Feroz Shah Kotla,2010,11,6,11,bat,11,1,1,0,1,0,184.0,147.0,2026-01-07T06:33:37.858Z
14,"Vidarbha Cricket Association Stadium, Jamtha",2010,4,2,4,bat,4,1,1,0,1,0,159.0,157.0,2026-01-07T06:33:37.858Z
31,"MA Chidambaram Stadium, Chepauk",2010,1,12,1,bat,1,1,1,0,1,0,165.0,141.0,2026-01-07T06:33:37.858Z
29,Sawai Mansingh Stadium,2010,9,4,9,bat,4,1,0,1,0,1,153.0,157.0,2026-01-07T06:33:37.858Z
8,Eden Gardens,2010,7,11,7,bat,7,1,1,0,1,0,181.0,167.0,2026-01-07T06:33:37.858Z
10,M Chinnaswamy Stadium,2010,6,2,2,field,2,1,0,1,0,1,184.0,186.0,2026-01-07T06:33:37.858Z
3,"Punjab Cricket Association Stadium, Mohali",2010,12,9,12,bat,9,1,0,1,0,1,154.0,158.0,2026-01-07T06:33:37.858Z
14,"Vidarbha Cricket Association Stadium, Jamtha",2010,1,2,1,bat,2,1,0,1,0,1,138.0,139.0,2026-01-07T06:33:37.858Z
10,M Chinnaswamy Stadium,2010,7,6,6,field,6,1,0,1,0,1,160.0,162.0,2026-01-07T06:33:37.858Z
11,Feroz Shah Kotla,2010,11,9,11,bat,9,1,0,1,0,1,111.0,112.0,2026-01-07T06:33:37.858Z
29,Sawai Mansingh Stadium,2010,12,4,4,field,12,1,1,0,1,0,174.0,137.0,2026-01-07T06:33:37.858Z
14,"Vidarbha Cricket Association Stadium, Jamtha",2010,2,6,6,field,2,1,1,0,1,0,151.0,138.0,2026-01-07T06:33:37.858Z
13,Brabourne Stadium,2010,12,11,12,bat,12,1,1,0,1,0,183.0,144.0,2026-01-07T06:33:37.858Z
31,"MA Chidambaram Stadium, Chepauk",2010,7,1,7,bat,1,1,0,1,0,1,139.0,143.0,2026-01-07T06:33:37.858Z
29,Sawai Mansingh Stadium,2010,4,6,4,bat,6,1,0,1,0,1,130.0,132.0,2026-01-07T06:33:37.858Z
31,"MA Chidambaram Stadium, Chepauk",2010,1,11,1,bat,11,1,0,1,0,1,112.0,113.0,2026-01-07T06:33:37.858Z
1,Himachal Pradesh Cricket Association Stadium,2010,9,2,2,field,2,1,0,1,0,1,174.0,178.0,2026-01-07T06:33:37.858Z
10,M Chinnaswamy Stadium,2010,12,6,6,field,12,1,1,0,1,0,191.0,134.0,2026-01-07T06:33:37.858Z
8,Eden Gardens,2010,4,7,4,bat,7,1,0,1,0,1,132.0,133.0,2026-01-07T06:33:37.858Z
1,Himachal Pradesh Cricket Association Stadium,2010,9,1,1,field,1,1,0,1,0,1,192.0,195.0,2026-01-07T06:33:37.858Z
11,Feroz Shah Kotla,2010,2,11,2,bat,2,1,1,0,1,0,145.0,134.0,2026-01-07T06:33:37.858Z
8,Eden Gardens,2010,12,7,12,bat,7,1,0,1,0,1,133.0,135.0,2026-01-07T06:33:37.858Z
25,Dr DY Patil Sports Academy,2010,12,6,12,bat,12,1,1,0,1,0,184.0,149.0,2026-01-07T06:33:37.858Z
25,Dr DY Patil Sports Academy,2010,1,2,1,bat,1,1,1,0,1,0,142.0,104.0,2026-01-07T06:33:37.858Z
25,Dr DY Patil Sports Academy,2010,2,6,2,bat,6,1,0,1,0,1,82.0,86.0,2026-01-07T06:33:37.858Z
25,Dr DY Patil Sports Academy,2010,1,12,1,bat,1,1,1,0,1,0,168.0,146.0,2026-01-07T06:33:37.858Z
31,"MA Chidambaram Stadium, Chepauk",2011,1,7,1,bat,1,1,1,0,1,0,153.0,151.0,2026-01-07T06:33:37.858Z
12,"Rajiv Gandhi International Stadium, Uppal",2011,2,4,4,field,4,1,0,1,0,1,137.0,141.0,2026-01-07T06:33:37.858Z
6,Nehru Stadium,2011,3,6,3,bat,6,1,0,1,0,1,161.0,162.0,2026-01-07T06:33:37.858Z
11,Feroz Shah Kotla,2011,11,12,11,bat,12,1,0,1,0,1,95.0,99.0,2026-01-07T06:33:37.858Z
25,Dr DY Patil Sports Academy,2011,9,10,9,bat,10,1,0,1,0,1,112.0,113.0,2026-01-07T06:33:37.858Z
8,Eden Gardens,2011,7,2,7,bat,7,1,1,0,1,0,163.0,154.0,2026-01-07T06:33:37.858Z
29,Sawai Mansingh Stadium,2011,11,4,11,bat,4,1,0,1,0,1,151.0,152.0,2026-01-07T06:33:37.858Z
10,M Chinnaswamy Stadium,2011,6,12,12,field,12,1,0,1,0,1,140.0,143.0,2026-01-07T06:33:37.858Z
3,"Punjab Cricket Association Stadium, Mohali",2011,1,9,9,field,9,1,0,1,0,1,188.0,193.0,2026-01-07T06:33:37.858Z
25,Dr DY Patil Sports Academy,2011,3,10,3,bat,10,1,0,1,0,1,148.0,151.0,2026-01-07T06:33:37.858Z
12,"Rajiv Gandhi International Stadium, Uppal",2011,2,6,6,field,2,1,1,0,1,0,175.0,142.0,2026-01-07T06:33:37.858Z
29,Sawai Mansingh Stadium,2011,4,7,7,field,7,1,0,1,0,1,159.0,160.0,2026-01-07T06:33:37.858Z
21,Wankhede Stadium,2011,12,3,3,field,3,1,0,1,0,1,182.0,184.0,2026-01-07T06:33:37.858Z
31,"MA Chidambaram Stadium, Chepauk",2011,1,6,1,bat,1,1,1,0,1,0,183.0,162.0,2026-01-07T06:33:37.858Z
12,"Rajiv Gandhi International Stadium, Uppal",2011,2,9,9,field,9,1,0,1,0,1,165.0,166.0,2026-01-07T06:33:37.858Z
25,Dr DY Patil Sports Academy,2011,10,11,11,field,11,1,0,1,0,1,187.0,190.0,2026-01-07T06:33:37.858Z
8,Eden Gardens,2011,4,7,7,field,7,1,0,1,0,1,81.0,85.0,2026-01-07T06:33:37.858Z
6,Nehru Stadium,2011,1,3,3,field,3,1,0,1,0,1,131.0,135.0,2026-01-07T06:33:37.858Z
11,Feroz Shah Kotla,2011,2,11,2,bat,2,1,1,0,1,0,168.0,152.0,2026-01-07T06:33:37.858Z
21,Wankhede Stadium,2011,10,12,10,bat,12,1,0,1,0,1,118.0,124.0,2026-01-07T06:33:37.858Z
8,Eden Gardens,2011,3,7,7,field,3,1,1,0,1,0,132.0,126.0,2026-01-07T06:33:37.858Z
3,"Punjab Cricket Association Stadium, Mohali",2011,9,4,4,field,9,1,1,0,1,0,195.0,147.0,2026-01-07T06:33:37.858Z
21,Wankhede Stadium,2011,12,1,1,field,12,1,1,0,1,0,164.0,156.0,2026-01-07T06:33:37.858Z
8,Eden Gardens,2011,7,6,6,field,6,1,0,1,0,1,171.0,175.0,2026-01-07T06:33:37.858Z
11,Feroz Shah Kotla,2011,11,9,9,field,11,1,1,0,1,0,231.0,202.0,2026-01-07T06:33:37.858Z
12,"Rajiv Gandhi International Stadium, Uppal",2011,12,2,2,field,12,1,1,0,1,0,172.0,135.0,2026-01-07T06:33:37.858Z
29,Sawai Mansingh Stadium,2011,3,4,4,field,4,1,0,1,0,1,109.0,111.0,2026-01-07T06:33:37.858Z
31,"MA Chidambaram Stadium, Chepauk",2011,1,10,10,field,1,1,1,0,1,0,142.0,117.0,2026-01-07T06:33:37.858Z
11,Feroz Shah Kotla,2011,11,6,6,field,6,1,0,1,0,1,160.0,161.0,2026-01-07T06:33:37.858Z
25,Dr DY Patil Sports Academy,2011,10,1,10,bat,1,1,0,1,0,1,141.0,145.0,2026-01-07T06:33:37.858Z
6,Nehru Stadium,2011,2,3,3,field,2,1,1,0,1,0,129.0,74.0,2026-01-07T06:33:37.858Z
11,Feroz Shah Kotla,2011,7,11,11,field,7,1,1,0,1,0,148.0,131.0,2026-01-07T06:33:37.858Z
29,Sawai Mansingh Stadium,2011,12,4,4,field,4,1,0,1,0,1,94.0,95.0,2026-01-07T06:33:37.858Z
10,M Chinnaswamy Stadium,2011,6,10,10,field,6,1,1,0,1,0,181.0,155.0,2026-01-07T06:33:37.858Z
6,Nehru Stadium,2011,11,3,11,bat,11,1,1,0,1,0,157.0,119.0,2026-01-07T06:33:37.858Z
8,Eden Gardens,2011,9,7,7,field,7,1,0,1,0,1,119.0,120.0,2026-01-07T06:33:37.858Z
29,Sawai Mansingh Stadium,2011,10,4,4,field,4,1,0,1,0,1,143.0,144.0,2026-01-07T06:33:37.858Z
31,"MA Chidambaram Stadium, Chepauk",2011,1,2,1,bat,1,1,1,0,1,0,165.0,146.0,2026-01-07T06:33:37.858Z
21,Wankhede Stadium,2011,12,9,9,field,12,1,1,0,1,0,159.0,136.0,2026-01-07T06:33:37.858Z
11,Feroz Shah Kotla,2011,11,3,3,field,3,1,0,1,0,1,140.0,141.0,2026-01-07T06:33:37.858Z
12,"Rajiv Gandhi International Stadium, Uppal",2011,7,2,2,field,7,1,1,0,1,0,169.0,149.0,2026-01-07T06:33:37.858Z
31,"MA Chidambaram Stadium, Chepauk",2011,4,1,4,bat,1,1,0,1,0,1,147.0,149.0,2026-01-07T06:33:37.858Z
25,Dr DY Patil Sports Academy,2011,12,10,10,field,12,1,1,0,1,0,160.0,139.0,2026-01-07T06:33:37.858Z
6,Nehru Stadium,2011,3,7,7,field,3,1,1,0,1,0,156.0,139.0,2026-01-07T06:33:37.858Z
12,"Rajiv Gandhi International Stadium, Uppal",2011,2,11,11,field,11,1,0,1,0,1,175.0,179.0,2026-01-07T06:33:37.858Z
10,M Chinnaswamy Stadium,2011,6,9,9,field,6,1,1,0,1,0,205.0,120.0,2026-01-07T06:33:37.858Z
8,Eden Gardens,2011,1,7,1,bat,7,1,0,1,0,1,114.0,61.0,2026-01-07T06:33:37.858Z
21,Wankhede Stadium,2011,12,11,11,field,12,1,1,0,1,0,178.0,146.0,2026-01-07T06:33:37.858Z
10,M Chinnaswamy Stadium,2011,3,6,3,bat,6,1,0,1,0,1,125.0,128.0,2026-01-07T06:33:37.858Z
3,"Punjab Cricket Association Stadium, Mohali",2011,9,10,9,bat,10,1,0,1,0,1,119.0,120.0,2026-01-07T06:33:37.858Z
29,Sawai Mansingh Stadium,2011,1,4,4,field,1,1,1,0,1,0,196.0,133.0,2026-01-07T06:33:37.858Z
12,"Rajiv Gandhi International Stadium, Uppal",2011,2,10,2,bat,10,1,0,1,0,1,136.0,137.0,2026-01-07T06:33:37.858Z
3,"Punjab Cricket Association Stadium, Mohali",2011,9,12,12,field,9,1,1,0,1,0,163.0,87.0,2026-01-07T06:33:37.858Z
29,Sawai Mansingh Stadium,2011,4,6,6,field,6,1,0,1,0,1,146.0,151.0,2026-01-07T06:33:37.858Z
31,"MA Chidambaram Stadium, Chepauk",2011,1,11,1,bat,1,1,1,0,1,0,176.0,158.0,2026-01-07T06:33:37.858Z
16,Holkar Cricket Stadium,2011,3,9,9,field,9,1,0,1,0,1,178.0,181.0,2026-01-07T06:33:37.858Z
10,M Chinnaswamy Stadium,2011,7,6,6,field,6,1,0,1,0,1,89.0,105.0,2026-01-07T06:33:37.858Z
21,Wankhede Stadium,2011,2,12,2,bat,2,1,1,0,1,0,135.0,125.0,2026-01-07T06:33:37.858Z
1,Himachal Pradesh Cricket Association Stadium,2011,9,11,11,field,9,1,1,0,1,0,170.0,141.0,2026-01-07T06:33:37.858Z
16,Holkar Cricket Stadium,2011,4,3,3,field,3,1,0,1,0,1,97.0,98.0,2026-01-07T06:33:37.858Z
25,Dr DY Patil Sports Academy,2011,10,2,2,field,2,1,0,1,0,1,136.0,138.0,2026-01-07T06:33:37.858Z
1,Himachal Pradesh Cricket Association Stadium,2011,9,6,9,bat,9,1,1,0,1,0,232.0,121.0,2026-01-07T06:33:37.858Z
31,"MA Chidambaram Stadium, Chepauk",2011,1,3,1,bat,1,1,1,0,1,0,152.0,141.0,2026-01-07T06:33:37.858Z
25,Dr DY Patil Sports Academy,2011,10,7,7,field,7,1,0,1,0,1,118.0,119.0,2026-01-07T06:33:37.858Z
21,Wankhede Stadium,2011,12,4,12,bat,4,1,0,1,0,1,133.0,134.0,2026-01-07T06:33:37.858Z
1,Himachal Pradesh Cricket Association Stadium,2011,2,9,9,field,2,1,1,0,1,0,198.0,116.0,2026-01-07T06:33:37.858Z
11,Feroz Shah Kotla,2011,11,10,11,bat,,1,0,0,0,0,56.0,0.0,2026-01-07T06:33:37.858Z
10,M Chinnaswamy Stadium,2011,1,6,6,field,6,1,0,1,0,1,128.0,129.0,2026-01-07T06:33:37.858Z
8,Eden Gardens,2011,7,12,12,field,12,1,0,1,0,1,175.0,178.0,2026-01-07T06:33:37.858Z
21,Wankhede Stadium,2011,6,1,1,field,1,1,0,1,0,1,175.0,177.0,2026-01-07T06:33:37.858Z
21,Wankhede Stadium,2011,7,12,12,field,12,1,0,1,0,1,147.0,148.0,2026-01-07T06:33:37.858Z
31,"MA Chidambaram Stadium, Chepauk",2011,6,12,12,field,6,1,1,0,1,0,185.0,142.0,2026-01-07T06:33:37.858Z
31,"MA Chidambaram Stadium, Chepauk",2011,1,6,1,bat,1,1,1,0,1,0,205.0,147.0,2026-01-07T06:33:37.858Z
31,"MA Chidambaram Stadium, Chepauk",2012,1,12,12,field,12,1,0,1,0,1,112.0,115.0,2026-01-07T06:33:37.858Z
8,Eden Gardens,2012,7,11,11,field,11,1,0,1,0,1,97.0,100.0,2026-01-07T06:33:37.858Z
21,Wankhede Stadium,2012,10,12,12,field,10,1,1,0,1,0,129.0,101.0,2026-01-07T06:33:37.858Z
29,Sawai Mansingh Stadium,2012,4,9,9,field,4,1,1,0,1,0,191.0,160.0,2026-01-07T06:33:37.858Z
10,M Chinnaswamy Stadium,2012,6,11,11,field,6,1,1,0,1,0,157.0,137.0,2026-01-07T06:33:37.858Z
30,Dr. Y.S. Rajasekhara Reddy ACA-VDCA Cricket Stadium,2012,1,2,2,field,1,1,1,0,1,0,193.0,119.0,2026-01-07T06:33:37.858Z
29,Sawai Mansingh Stadium,2012,4,7,7,field,4,1,1,0,1,0,164.0,142.0,2026-01-07T06:33:37.858Z
34,Subrata Roy Sahara Stadium,2012,10,9,10,bat,10,1,1,0,1,0,166.0,144.0,2026-01-07T06:33:37.858Z
30,Dr. Y.S. Rajasekhara Reddy ACA-VDCA Cricket Stadium,2012,2,12,2,bat,12,1,0,1,0,1,138.0,142.0,2026-01-07T06:33:37.858Z
10,M Chinnaswamy Stadium,2012,7,6,6,field,7,1,1,0,1,0,165.0,123.0,2026-01-07T06:33:37.858Z
11,Feroz Shah Kotla,2012,1,11,11,field,11,1,0,1,0,1,110.0,111.0,2026-01-07T06:33:37.858Z
21,Wankhede Stadium,2012,12,4,4,field,12,1,1,0,1,0,197.0,170.0,2026-01-07T06:33:37.858Z
31,"MA Chidambaram Stadium, Chepauk",2012,6,1,6,bat,1,1,0,1,0,1,205.0,208.0,2026-01-07T06:33:37.858Z
3,"Punjab Cricket Association Stadium, Mohali",2012,10,9,9,field,9,1,0,1,0,1,115.0,116.0,2026-01-07T06:33:37.858Z
8,Eden Gardens,2012,4,7,4,bat,7,1,0,1,0,1,131.0,137.0,2026-01-07T06:33:37.858Z
11,Feroz Shah Kotla,2012,2,11,2,bat,11,1,0,1,0,1,157.0,162.0,2026-01-07T06:33:37.858Z
34,Subrata Roy Sahara Stadium,2012,1,10,1,bat,10,1,0,1,0,1,155.0,156.0,2026-01-07T06:33:37.858Z
8,Eden Gardens,2012,9,7,7,field,9,1,1,0,1,0,134.0,132.0,2026-01-07T06:33:37.858Z
10,M Chinnaswamy Stadium,2012,4,6,4,bat,4,1,1,0,1,0,195.0,136.0,2026-01-07T06:33:37.858Z
21,Wankhede Stadium,2012,12,11,11,field,11,1,0,1,0,1,92.0,93.0,2026-01-07T06:33:37.858Z
29,Sawai Mansingh Stadium,2012,2,4,2,bat,4,1,0,1,0,1,196.0,197.0,2026-01-07T06:33:37.858Z
10,M Chinnaswamy Stadium,2012,10,6,10,bat,6,1,0,1,0,1,182.0,186.0,2026-01-07T06:33:37.858Z
3,"Punjab Cricket Association Stadium, Mohali",2012,9,7,9,bat,7,1,0,1,0,1,124.0,127.0,2026-01-07T06:33:37.858Z
12,"Rajiv Gandhi International Stadium, Uppal",2012,2,11,2,bat,11,1,0,1,0,1,187.0,193.0,2026-01-07T06:33:37.858Z
31,"MA Chidambaram Stadium, Chepauk",2012,1,10,10,field,1,1,1,0,1,0,164.0,151.0,2026-01-07T06:33:37.858Z
3,"Punjab Cricket Association Stadium, Mohali",2012,9,6,6,field,6,1,0,1,0,1,163.0,166.0,2026-01-07T06:33:37.858Z
31,"MA Chidambaram Stadium, Chepauk",2012,4,1,4,bat,1,1,0,1,0,1,146.0,147.0,2026-01-07T06:33:37.858Z
11,Feroz Shah Kotla,2012,10,11,11,field,10,1,1,0,1,0,192.0,172.0,2026-01-07T06:33:37.858Z
21,Wankhede Stadium,2012,12,9,12,bat,9,1,0,1,0,1,163.0,164.0,2026-01-07T06:33:37.858Z
4,Barabati Stadium,2012,2,7,7,field,7,1,0,1,0,1,126.0,127.0,2026-01-07T06:33:37.858Z
29,Sawai Mansingh Stadium,2012,6,4,4,field,6,1,1,0,1,0,189.0,143.0,2026-01-07T06:33:37.858Z
34,Subrata Roy Sahara Stadium,2012,10,11,10,bat,11,1,0,1,0,1,146.0,148.0,2026-01-07T06:33:37.858Z
3,"Punjab Cricket Association Stadium, Mohali",2012,9,12,9,bat,12,1,0,1,0,1,168.0,171.0,2026-01-07T06:33:37.858Z
34,Subrata Roy Sahara Stadium,2012,2,10,2,bat,2,1,1,0,1,0,177.0,159.0,2026-01-07T06:33:37.858Z
11,Feroz Shah Kotla,2012,11,12,12,field,11,1,1,0,1,0,207.0,170.0,2026-01-07T06:33:37.858Z
31,"MA Chidambaram Stadium, Chepauk",2012,9,1,9,bat,9,1,1,0,1,0,156.0,149.0,2026-01-07T06:33:37.858Z
8,Eden Gardens,2012,7,6,7,bat,7,1,1,0,1,0,190.0,143.0,2026-01-07T06:33:37.858Z
11,Feroz Shah Kotla,2012,11,4,11,bat,11,1,1,0,1,0,152.0,151.0,2026-01-07T06:33:37.858Z
21,Wankhede Stadium,2012,2,12,12,field,12,1,0,1,0,1,100.0,101.0,2026-01-07T06:33:37.858Z
31,"MA Chidambaram Stadium, Chepauk",2012,1,7,1,bat,7,1,0,1,0,1,139.0,140.0,2026-01-07T06:33:37.858Z
4,Barabati Stadium,2012,2,10,2,bat,2,1,1,0,1,0,186.0,173.0,2026-01-07T06:33:37.858Z
29,Sawai Mansingh Stadium,2012,4,11,4,bat,11,1,0,1,0,1,141.0,144.0,2026-01-07T06:33:37.858Z
10,M Chinnaswamy Stadium,2012,6,9,9,field,9,1,0,1,0,1,158.0,163.0,2026-01-07T06:33:37.858Z
34,Subrata Roy Sahara Stadium,2012,12,10,12,bat,12,1,1,0,1,0,120.0,119.0,2026-01-07T06:33:37.858Z
31,"MA Chidambaram Stadium, Chepauk",2012,1,2,1,bat,1,1,1,0,1,0,160.0,150.0,2026-01-07T06:33:37.858Z
8,Eden Gardens,2012,7,10,7,bat,7,1,1,0,1,0,150.0,143.0,2026-01-07T06:33:37.858Z
3,"Punjab Cricket Association Stadium, Mohali",2012,4,9,4,bat,4,1,1,0,1,0,177.0,134.0,2026-01-07T06:33:37.858Z
21,Wankhede Stadium,2012,1,12,12,field,12,1,0,1,0,1,173.0,174.0,2026-01-07T06:33:37.858Z
10,M Chinnaswamy Stadium,2012,2,6,6,field,6,1,0,1,0,1,181.0,185.0,2026-01-07T06:33:37.858Z
11,Feroz Shah Kotla,2012,11,7,11,bat,7,1,0,1,0,1,153.0,154.0,2026-01-07T06:33:37.858Z
34,Subrata Roy Sahara Stadium,2012,10,4,10,bat,4,1,0,1,0,1,125.0,126.0,2026-01-07T06:33:37.858Z
12,"Rajiv Gandhi International Stadium, Uppal",2012,9,2,2,field,9,1,1,0,1,0,170.0,145.0,2026-01-07T06:33:37.858Z
21,Wankhede Stadium,2012,12,6,6,field,6,1,0,1,0,1,141.0,142.0,2026-01-07T06:33:37.858Z
29,Sawai Mansingh Stadium,2012,4,1,1,field,1,1,0,1,0,1,126.0,127.0,2026-01-07T06:33:37.858Z
34,Subrata Roy Sahara Stadium,2012,6,10,10,field,6,1,1,0,1,0,173.0,138.0,2026-01-07T06:33:37.858Z
8,Eden Gardens,2012,12,7,12,bat,12,1,1,0,1,0,182.0,155.0,2026-01-07T06:33:37.858Z
31,"MA Chidambaram Stadium, Chepauk",2012,11,1,1,field,1,1,0,1,0,1,114.0,115.0,2026-01-07T06:33:37.858Z
29,Sawai Mansingh Stadium,2012,4,10,4,bat,4,1,1,0,1,0,170.0,125.0,2026-01-07T06:33:37.858Z
3,"Punjab Cricket Association Stadium, Mohali",2012,2,9,2,bat,9,1,0,1,0,1,190.0,194.0,2026-01-07T06:33:37.858Z
10,M Chinnaswamy Stadium,2012,6,12,12,field,12,1,0,1,0,1,171.0,173.0,2026-01-07T06:33:37.858Z
8,Eden Gardens,2012,7,1,1,field,1,1,0,1,0,1,158.0,160.0,2026-01-07T06:33:37.858Z
11,Feroz Shah Kotla,2012,9,11,9,bat,11,1,0,1,0,1,136.0,140.0,2026-01-07T06:33:37.858Z
21,Wankhede Stadium,2012,7,12,12,field,7,1,1,0,1,0,140.0,108.0,2026-01-07T06:33:37.858Z
1,Himachal Pradesh Cricket Association Stadium,2012,1,9,9,field,9,1,0,1,0,1,120.0,123.0,2026-01-07T06:33:37.858Z
11,Feroz Shah Kotla,2012,6,11,11,field,6,1,1,0,1,0,215.0,194.0,2026-01-07T06:33:37.858Z
12,"Rajiv Gandhi International Stadium, Uppal",2012,4,2,4,bat,2,1,0,1,0,1,126.0,128.0,2026-01-07T06:33:37.858Z
1,Himachal Pradesh Cricket Association Stadium,2012,9,11,11,field,11,1,0,1,0,1,141.0,145.0,2026-01-07T06:33:37.858Z
34,Subrata Roy Sahara Stadium,2012,7,10,7,bat,7,1,1,0,1,0,136.0,102.0,2026-01-07T06:33:37.858Z
12,"Rajiv Gandhi International Stadium, Uppal",2012,2,6,6,field,2,1,1,0,1,0,132.0,123.0,2026-01-07T06:33:37.858Z
29,Sawai Mansingh Stadium,2012,4,12,4,bat,12,1,0,1,0,1,162.0,163.0,2026-01-07T06:33:37.858Z
34,Subrata Roy Sahara Stadium,2012,7,11,7,bat,7,1,1,0,1,0,162.0,144.0,2026-01-07T06:33:37.858Z
10,M Chinnaswamy Stadium,2012,1,12,12,field,1,1,1,0,1,0,187.0,149.0,2026-01-07T06:33:37.858Z
31,"MA Chidambaram Stadium, Chepauk",2012,1,11,11,field,1,1,1,0,1,0,222.0,136.0,2026-01-07T06:33:37.858Z
31,"MA Chidambaram Stadium, Chepauk",2012,1,7,1,bat,7,1,0,1,0,1,190.0,192.0,2026-01-07T06:33:37.858Z
8,Eden Gardens,2013,11,7,7,field,7,1,0,1,0,1,128.0,129.0,2026-01-07T06:33:37.858Z
10,M Chinnaswamy Stadium,2013,6,12,12,field,6,1,1,0,1,0,156.0,154.0,2026-01-07T06:33:37.858Z
12,"Rajiv Gandhi International Stadium, Uppal",2013,0,10,10,field,0,1,1,0,1,0,126.0,104.0,2026-01-07T06:33:37.858Z
11,Feroz Shah Kotla,2013,4,11,4,bat,4,1,1,0,1,0,165.0,160.0,2026-01-07T06:33:37.858Z
31,"MA Chidambaram Stadium, Chepauk",2013,12,1,12,bat,12,1,1,0,1,0,148.0,139.0,2026-01-07T06:33:37.858Z
34,Subrata Roy Sahara Stadium,2013,10,9,10,bat,9,1,0,1,0,1,99.0,100.0,2026-01-07T06:33:37.858Z
12,"Rajiv Gandhi International Stadium, Uppal",2013,6,0,6,bat,0,1,0,1,0,1,130.0,130.0,2026-01-07T06:33:37.858Z
29,Sawai Mansingh Stadium,2013,4,7,7,field,4,1,1,0,1,0,144.0,125.0,2026-01-07T06:33:37.858Z
21,Wankhede Stadium,2013,12,11,12,bat,12,1,1,0,1,0,209.0,165.0,2026-01-07T06:33:37.858Z
3,"Punjab Cricket Association Stadium, Mohali",2013,9,1,1,field,1,1,0,1,0,1,138.0,139.0,2026-01-07T06:33:37.858Z
10,M Chinnaswamy Stadium,2013,7,6,6,field,6,1,0,1,0,1,154.0,158.0,2026-01-07T06:33:37.858Z
34,Subrata Roy Sahara Stadium,2013,4,10,4,bat,10,1,0,1,0,1,145.0,148.0,2026-01-07T06:33:37.858Z
11,Feroz Shah Kotla,2013,11,0,11,bat,0,1,0,1,0,1,114.0,115.0,2026-01-07T06:33:37.858Z
21,Wankhede Stadium,2013,12,10,12,bat,12,1,1,0,1,0,183.0,142.0,2026-01-07T06:33:37.858Z
31,"MA Chidambaram Stadium, Chepauk",2013,6,1,1,field,1,1,0,1,0,1,165.0,166.0,2026-01-07T06:33:37.858Z
8,Eden Gardens,2013,7,0,7,bat,7,1,1,0,1,0,180.0,132.0,2026-01-07T06:33:37.858Z
29,Sawai Mansingh Stadium,2013,9,4,4,field,4,1,0,1,0,1,124.0,126.0,2026-01-07T06:33:37.858Z
31,"MA Chidambaram Stadium, Chepauk",2013,10,1,10,bat,10,1,1,0,1,0,159.0,135.0,2026-01-07T06:33:37.858Z
3,"Punjab Cricket Association Stadium, Mohali",2013,9,7,7,field,9,1,1,0,1,0,157.0,153.0,2026-01-07T06:33:37.858Z
10,M Chinnaswamy Stadium,2013,11,6,6,field,6,1,0,1,0,1,152.0,152.0,2026-01-07T06:33:37.858Z
34,Subrata Roy Sahara Stadium,2013,0,10,10,field,0,1,1,0,1,0,119.0,108.0,2026-01-07T06:33:37.858Z
29,Sawai Mansingh Stadium,2013,4,12,4,bat,4,1,1,0,1,0,179.0,92.0,2026-01-07T06:33:37.858Z
11,Feroz Shah Kotla,2013,1,11,1,bat,1,1,1,0,1,0,169.0,83.0,2026-01-07T06:33:37.858Z
12,"Rajiv Gandhi International Stadium, Uppal",2013,9,0,9,bat,0,1,0,1,0,1,123.0,127.0,2026-01-07T06:33:37.858Z
8,Eden Gardens,2013,7,1,7,bat,1,1,0,1,0,1,119.0,124.0,2026-01-07T06:33:37.858Z
10,M Chinnaswamy Stadium,2013,4,6,6,field,6,1,0,1,0,1,117.0,123.0,2026-01-07T06:33:37.858Z
11,Feroz Shah Kotla,2013,12,11,12,bat,11,1,0,1,0,1,161.0,165.0,2026-01-07T06:33:37.858Z
3,"Punjab Cricket Association Stadium, Mohali",2013,10,9,9,field,9,1,0,1,0,1,185.0,186.0,2026-01-07T06:33:37.858Z
31,"MA Chidambaram Stadium, Chepauk",2013,4,1,4,bat,1,1,0,1,0,1,185.0,186.0,2026-01-07T06:33:37.858Z
10,M Chinnaswamy Stadium,2013,6,10,10,field,6,1,1,0,1,0,263.0,133.0,2026-01-07T06:33:37.858Z
1,Himachal Pradesh Cricket Association Stadium,2013,9,11,11,field,9,1,1,0,1,0,171.0,164.0,2026-01-07T06:33:37.858Z
8,Eden Gardens,2013,7,12,7,bat,12,1,0,1,0,1,159.0,162.0,2026-01-07T06:33:37.858Z
31,"MA Chidambaram Stadium, Chepauk",2013,0,1,0,bat,1,1,0,1,0,1,159.0,160.0,2026-01-07T06:33:37.858Z
8,Eden Gardens,2013,9,7,9,bat,7,1,0,1,0,1,149.0,150.0,2026-01-07T06:33:37.858Z
29,Sawai Mansingh Stadium,2013,0,4,0,bat,4,1,0,1,0,1,144.0,146.0,2026-01-07T06:33:37.858Z
21,Wankhede Stadium,2013,12,6,12,bat,12,1,1,0,1,0,194.0,136.0,2026-01-07T06:33:37.858Z
31,"MA Chidambaram Stadium, Chepauk",2013,1,7,7,field,1,1,1,0,1,0,200.0,186.0,2026-01-07T06:33:37.858Z
17,Shaheed Veer Narayan Singh International Stadium,2013,11,10,10,field,11,1,1,0,1,0,164.0,149.0,2026-01-07T06:33:37.858Z
29,Sawai Mansingh Stadium,2013,6,4,4,field,4,1,0,1,0,1,171.0,173.0,2026-01-07T06:33:37.858Z
21,Wankhede Stadium,2013,12,9,12,bat,12,1,1,0,1,0,174.0,170.0,2026-01-07T06:33:37.858Z
34,Subrata Roy Sahara Stadium,2013,1,10,1,bat,1,1,1,0,1,0,164.0,127.0,2026-01-07T06:33:37.858Z
12,"Rajiv Gandhi International Stadium, Uppal",2013,12,0,12,bat,0,1,0,1,0,1,129.0,130.0,2026-01-07T06:33:37.858Z
17,Shaheed Veer Narayan Singh International Stadium,2013,7,11,7,bat,11,1,0,1,0,1,136.0,137.0,2026-01-07T06:33:37.858Z
31,"MA Chidambaram Stadium, Chepauk",2013,1,9,1,bat,1,1,1,0,1,0,186.0,171.0,2026-01-07T06:33:37.858Z
34,Subrata Roy Sahara Stadium,2013,6,10,6,bat,6,1,1,0,1,0,187.0,170.0,2026-01-07T06:33:37.858Z
8,Eden Gardens,2013,4,7,4,bat,7,1,0,1,0,1,132.0,133.0,2026-01-07T06:33:37.858Z
12,"Rajiv Gandhi International Stadium, Uppal",2013,11,0,11,bat,0,1,0,1,0,1,80.0,81.0,2026-01-07T06:33:37.858Z
10,M Chinnaswamy Stadium,2013,6,9,9,field,9,1,0,1,0,1,174.0,176.0,2026-01-07T06:33:37.858Z
21,Wankhede Stadium,2013,12,1,12,bat,12,1,1,0,1,0,139.0,79.0,2026-01-07T06:33:37.858Z
29,Sawai Mansingh Stadium,2013,10,4,10,bat,4,1,0,1,0,1,178.0,182.0,2026-01-07T06:33:37.858Z
10,M Chinnaswamy Stadium,2013,0,6,0,bat,6,1,0,1,0,1,161.0,162.0,2026-01-07T06:33:37.858Z
29,Sawai Mansingh Stadium,2013,11,4,11,bat,4,1,0,1,0,1,154.0,155.0,2026-01-07T06:33:37.858Z
21,Wankhede Stadium,2013,12,7,12,bat,12,1,1,0,1,0,170.0,105.0,2026-01-07T06:33:37.858Z
12,"Rajiv Gandhi International Stadium, Uppal",2013,1,0,0,field,1,1,1,0,1,0,223.0,146.0,2026-01-07T06:33:37.858Z
3,"Punjab Cricket Association Stadium, Mohali",2013,9,4,4,field,4,1,0,1,0,1,145.0,147.0,2026-01-07T06:33:37.858Z
34,Subrata Roy Sahara Stadium,2013,7,10,7,bat,7,1,1,0,1,0,152.0,106.0,2026-01-07T06:33:37.858Z
11,Feroz Shah Kotla,2013,6,11,11,field,6,1,1,0,1,0,183.0,179.0,2026-01-07T06:33:37.858Z
34,Subrata Roy Sahara Stadium,2013,10,12,10,bat,12,1,0,1,0,1,112.0,116.0,2026-01-07T06:33:37.858Z
3,"Punjab Cricket Association Stadium, Mohali",2013,0,9,9,field,0,1,1,0,1,0,150.0,120.0,2026-01-07T06:33:37.858Z
23,JSCA International Stadium Complex,2013,6,7,7,field,7,1,0,1,0,1,115.0,116.0,2026-01-07T06:33:37.858Z
29,Sawai Mansingh Stadium,2013,1,4,4,field,4,1,0,1,0,1,141.0,144.0,2026-01-07T06:33:37.858Z
11,Feroz Shah Kotla,2013,11,9,9,field,9,1,0,1,0,1,120.0,121.0,2026-01-07T06:33:37.858Z
21,Wankhede Stadium,2013,0,12,0,bat,12,1,0,1,0,1,178.0,184.0,2026-01-07T06:33:37.858Z
23,JSCA International Stadium Complex,2013,10,7,7,field,10,1,1,0,1,0,170.0,163.0,2026-01-07T06:33:37.858Z
31,"MA Chidambaram Stadium, Chepauk",2013,1,11,1,bat,1,1,1,0,1,0,168.0,135.0,2026-01-07T06:33:37.858Z
21,Wankhede Stadium,2013,12,4,4,field,12,1,1,0,1,0,166.0,152.0,2026-01-07T06:33:37.858Z
3,"Punjab Cricket Association Stadium, Mohali",2013,6,9,9,field,9,1,0,1,0,1,190.0,194.0,2026-01-07T06:33:37.858Z
12,"Rajiv Gandhi International Stadium, Uppal",2013,0,4,0,bat,0,1,1,0,1,0,136.0,113.0,2026-01-07T06:33:37.858Z
1,Himachal Pradesh Cricket Association Stadium,2013,9,12,12,field,9,1,1,0,1,0,183.0,133.0,2026-01-07T06:33:37.858Z
34,Subrata Roy Sahara Stadium,2013,10,11,10,bat,10,1,1,0,1,0,172.0,134.0,2026-01-07T06:33:37.858Z
10,M Chinnaswamy Stadium,2013,6,1,1,field,6,1,1,0,1,0,106.0,82.0,2026-01-07T06:33:37.858Z
12,"Rajiv Gandhi International Stadium, Uppal",2013,7,0,7,bat,0,1,0,1,0,1,130.0,132.0,2026-01-07T06:33:37.858Z
11,Feroz Shah Kotla,2013,1,12,1,bat,1,1,1,0,1,0,192.0,144.0,2026-01-07T06:33:37.858Z
11,Feroz Shah Kotla,2013,0,4,0,bat,4,1,0,1,0,1,132.0,135.0,2026-01-07T06:33:37.858Z
8,Eden Gardens,2013,4,12,4,bat,12,1,0,1,0,1,165.0,169.0,2026-01-07T06:33:37.858Z
8,Eden Gardens,2013,12,1,12,bat,12,1,1,0,1,0,148.0,125.0,2026-01-07T06:33:37.858Z
18,Sheikh Zayed Stadium,2014,7,12,7,bat,7,1,1,0,1,0,163.0,122.0,2026-01-07T06:33:37.858Z
19,Sharjah Cricket Stadium,2014,11,6,6,field,6,1,0,1,0,1,145.0,146.0,2026-01-07T06:33:37.858Z
18,Sheikh Zayed Stadium,2014,1,9,1,bat,9,1,0,1,0,1,205.0,206.0,2026-01-07T06:33:37.858Z
18,Sheikh Zayed Stadium,2014,0,4,4,field,4,1,0,1,0,1,133.0,135.0,2026-01-07T06:33:37.858Z
0,Dubai International Cricket Stadium,2014,12,6,6,field,6,1,0,1,0,1,115.0,116.0,2026-01-07T06:33:37.858Z
0,Dubai International Cricket Stadium,2014,7,11,7,bat,11,1,0,1,0,1,166.0,167.0,2026-01-07T06:33:37.858Z
19,Sharjah Cricket Stadium,2014,4,9,9,field,9,1,0,1,0,1,191.0,193.0,2026-01-07T06:33:37.858Z
18,Sheikh Zayed Stadium,2014,1,11,1,bat,1,1,1,0,1,0,177.0,84.0,2026-01-07T06:33:37.858Z
19,Sharjah Cricket Stadium,2014,9,0,0,field,9,1,1,0,1,0,193.0,121.0,2026-01-07T06:33:37.858Z
0,Dubai International Cricket Stadium,2014,1,4,4,field,1,1,1,0,1,0,140.0,133.0,2026-01-07T06:33:37.858Z
19,Sharjah Cricket Stadium,2014,7,6,6,field,7,1,1,0,1,0,150.0,148.0,2026-01-07T06:33:37.858Z
0,Dubai International Cricket Stadium,2014,0,11,0,bat,0,1,1,0,1,0,184.0,180.0,2026-01-07T06:33:37.858Z
0,Dubai International Cricket Stadium,2014,12,1,12,bat,1,1,0,1,0,1,141.0,142.0,2026-01-07T06:33:37.858Z
18,Sheikh Zayed Stadium,2014,6,4,4,field,4,1,0,1,0,1,70.0,71.0,2026-01-07T06:33:37.858Z
18,Sheikh Zayed Stadium,2014,9,7,7,field,9,1,1,0,1,0,132.0,109.0,2026-01-07T06:33:37.858Z
19,Sharjah Cricket Stadium,2014,12,11,12,bat,11,1,0,1,0,1,125.0,126.0,2026-01-07T06:33:37.858Z
19,Sharjah Cricket Stadium,2014,0,1,0,bat,1,1,0,1,0,1,145.0,146.0,2026-01-07T06:33:37.858Z
0,Dubai International Cricket Stadium,2014,6,9,9,field,9,1,0,1,0,1,124.0,127.0,2026-01-07T06:33:37.858Z
18,Sheikh Zayed Stadium,2014,4,7,4,bat,4,1,1,0,1,0,152.0,152.0,2026-01-07T06:33:37.858Z
0,Dubai International Cricket Stadium,2014,0,12,12,field,0,1,1,0,1,0,172.0,157.0,2026-01-07T06:33:37.858Z
23,JSCA International Stadium Complex,2014,1,7,1,bat,1,1,1,0,1,0,148.0,114.0,2026-01-07T06:33:37.858Z
21,Wankhede Stadium,2014,9,12,9,bat,12,1,0,1,0,1,168.0,170.0,2026-01-07T06:33:37.858Z
11,Feroz Shah Kotla,2014,11,4,4,field,4,1,0,1,0,1,152.0,156.0,2026-01-07T06:33:37.858Z
10,M Chinnaswamy Stadium,2014,0,6,6,field,6,1,0,1,0,1,155.0,158.0,2026-01-07T06:33:37.858Z
2,"Sardar Patel Stadium, Motera",2014,4,7,7,field,4,1,1,0,1,0,170.0,160.0,2026-01-07T06:33:37.858Z
11,Feroz Shah Kotla,2014,11,1,1,field,1,1,0,1,0,1,178.0,181.0,2026-01-07T06:33:37.858Z
21,Wankhede Stadium,2014,12,6,6,field,12,1,1,0,1,0,187.0,168.0,2026-01-07T06:33:37.858Z
11,Feroz Shah Kotla,2014,11,7,11,bat,7,1,0,1,0,1,160.0,161.0,2026-01-07T06:33:37.858Z
4,Barabati Stadium,2014,9,1,1,field,9,1,1,0,1,0,231.0,187.0,2026-01-07T06:33:37.858Z
2,"Sardar Patel Stadium, Motera",2014,0,4,4,field,0,1,1,0,1,0,134.0,102.0,2026-01-07T06:33:37.858Z
10,M Chinnaswamy Stadium,2014,9,6,6,field,9,1,1,0,1,0,198.0,166.0,2026-01-07T06:33:37.858Z
11,Feroz Shah Kotla,2014,11,0,0,field,0,1,0,1,0,1,143.0,44.0,2026-01-07T06:33:37.858Z
21,Wankhede Stadium,2014,12,1,1,field,1,1,0,1,0,1,157.0,160.0,2026-01-07T06:33:37.858Z
4,Barabati Stadium,2014,9,7,7,field,7,1,0,1,0,1,149.0,150.0,2026-01-07T06:33:37.858Z
10,M Chinnaswamy Stadium,2014,6,4,6,bat,4,1,0,1,0,1,190.0,191.0,2026-01-07T06:33:37.858Z
12,"Rajiv Gandhi International Stadium, Uppal",2014,0,12,0,bat,12,1,0,1,0,1,157.0,160.0,2026-01-07T06:33:37.858Z
23,JSCA International Stadium Complex,2014,4,1,4,bat,1,1,0,1,0,1,148.0,149.0,2026-01-07T06:33:37.858Z
10,M Chinnaswamy Stadium,2014,6,11,11,field,6,1,1,0,1,0,186.0,170.0,2026-01-07T06:33:37.858Z
12,"Rajiv Gandhi International Stadium, Uppal",2014,0,9,9,field,9,1,0,1,0,1,205.0,211.0,2026-01-07T06:33:37.858Z
4,Barabati Stadium,2014,12,7,7,field,7,1,0,1,0,1,141.0,142.0,2026-01-07T06:33:37.858Z
2,"Sardar Patel Stadium, Motera",2014,4,11,11,field,4,1,1,0,1,0,201.0,139.0,2026-01-07T06:33:37.858Z
23,JSCA International Stadium Complex,2014,1,6,1,bat,6,1,0,1,0,1,138.0,142.0,2026-01-07T06:33:37.858Z
12,"Rajiv Gandhi International Stadium, Uppal",2014,0,7,0,bat,7,1,0,1,0,1,142.0,146.0,2026-01-07T06:33:37.858Z
2,"Sardar Patel Stadium, Motera",2014,12,4,12,bat,12,1,1,0,1,0,178.0,153.0,2026-01-07T06:33:37.858Z
11,Feroz Shah Kotla,2014,11,9,9,field,9,1,0,1,0,1,164.0,165.0,2026-01-07T06:33:37.858Z
12,"Rajiv Gandhi International Stadium, Uppal",2014,6,0,6,bat,0,1,0,1,0,1,160.0,161.0,2026-01-07T06:33:37.858Z
8,Eden Gardens,2014,1,7,7,field,7,1,0,1,0,1,154.0,156.0,2026-01-07T06:33:37.858Z
3,"Punjab Cricket Association Stadium, Mohali",2014,9,12,12,field,12,1,0,1,0,1,156.0,159.0,2026-01-07T06:33:37.858Z
8,Eden Gardens,2014,7,6,6,field,7,1,1,0,1,0,195.0,165.0,2026-01-07T06:33:37.858Z
23,JSCA International Stadium Complex,2014,1,0,0,field,0,1,0,1,0,1,185.0,189.0,2026-01-07T06:33:37.858Z
21,Wankhede Stadium,2014,12,11,11,field,12,1,1,0,1,0,173.0,158.0,2026-01-07T06:33:37.858Z
3,"Punjab Cricket Association Stadium, Mohali",2014,9,4,4,field,9,1,1,0,1,0,179.0,163.0,2026-01-07T06:33:37.858Z
10,M Chinnaswamy Stadium,2014,6,1,1,field,1,1,0,1,0,1,154.0,160.0,2026-01-07T06:33:37.858Z
8,Eden Gardens,2014,0,7,7,field,7,1,0,1,0,1,160.0,161.0,2026-01-07T06:33:37.858Z
3,"Punjab Cricket Association Stadium, Mohali",2014,11,9,9,field,9,1,0,1,0,1,115.0,119.0,2026-01-07T06:33:37.858Z
21,Wankhede Stadium,2014,4,12,12,field,12,1,0,1,0,1,189.0,195.0,2026-01-07T06:33:37.858Z
8,Eden Gardens,2014,7,9,9,field,7,1,1,0,1,0,163.0,135.0,2026-01-07T06:33:37.858Z
13,Brabourne Stadium,2014,12,1,1,field,1,1,0,1,0,1,173.0,176.0,2026-01-07T06:33:37.858Z
21,Wankhede Stadium,2014,9,1,1,field,9,1,1,0,1,0,226.0,202.0,2026-01-07T06:33:37.858Z
10,M Chinnaswamy Stadium,2014,9,7,7,field,7,1,0,1,0,1,199.0,200.0,2026-01-07T06:33:37.858Z
8,Eden Gardens,2015,12,7,7,field,7,1,0,1,0,1,168.0,170.0,2026-01-07T06:33:37.858Z
31,"MA Chidambaram Stadium, Chepauk",2015,1,11,11,field,1,1,1,0,1,0,150.0,149.0,2026-01-07T06:33:37.858Z
7,Maharashtra Cricket Association Stadium,2015,4,9,9,field,4,1,1,0,1,0,162.0,136.0,2026-01-07T06:33:37.858Z
31,"MA Chidambaram Stadium, Chepauk",2015,1,0,1,bat,1,1,1,0,1,0,209.0,164.0,2026-01-07T06:33:37.858Z
8,Eden Gardens,2015,7,6,6,field,6,1,0,1,0,1,177.0,179.0,2026-01-07T06:33:37.858Z
11,Feroz Shah Kotla,2015,11,4,4,field,4,1,0,1,0,1,184.0,186.0,2026-01-07T06:33:37.858Z
21,Wankhede Stadium,2015,9,12,12,field,9,1,1,0,1,0,177.0,159.0,2026-01-07T06:33:37.858Z
10,M Chinnaswamy Stadium,2015,6,0,0,field,0,1,0,1,0,1,166.0,172.0,2026-01-07T06:33:37.858Z
2,"Sardar Patel Stadium, Motera",2015,12,4,12,bat,4,1,0,1,0,1,164.0,165.0,2026-01-07T06:33:37.858Z
8,Eden Gardens,2015,1,7,7,field,7,1,0,1,0,1,165.0,169.0,2026-01-07T06:33:37.858Z
7,Maharashtra Cricket Association Stadium,2015,9,11,9,bat,11,1,0,1,0,1,165.0,169.0,2026-01-07T06:33:37.858Z
30,Dr. Y.S. Rajasekhara Reddy ACA-VDCA Cricket Stadium,2015,0,4,4,field,4,1,0,1,0,1,127.0,131.0,2026-01-07T06:33:37.858Z
21,Wankhede Stadium,2015,12,1,12,bat,1,1,0,1,0,1,183.0,189.0,2026-01-07T06:33:37.858Z
30,Dr. Y.S. Rajasekhara Reddy ACA-VDCA Cricket Stadium,2015,11,0,11,bat,11,1,1,0,1,0,167.0,163.0,2026-01-07T06:33:37.858Z
7,Maharashtra Cricket Association Stadium,2015,9,7,7,field,7,1,0,1,0,1,155.0,159.0,2026-01-07T06:33:37.858Z
2,"Sardar Patel Stadium, Motera",2015,1,4,1,bat,4,1,0,1,0,1,156.0,157.0,2026-01-07T06:33:37.858Z
10,M Chinnaswamy Stadium,2015,12,6,6,field,12,1,1,0,1,0,209.0,191.0,2026-01-07T06:33:37.858Z
11,Feroz Shah Kotla,2015,11,7,7,field,7,1,0,1,0,1,146.0,147.0,2026-01-07T06:33:37.858Z
2,"Sardar Patel Stadium, Motera",2015,4,9,9,field,9,1,0,1,0,1,191.0,191.0,2026-01-07T06:33:37.858Z
30,Dr. Y.S. Rajasekhara Reddy ACA-VDCA Cricket Stadium,2015,0,7,7,field,0,1,1,0,1,0,176.0,101.0,2026-01-07T06:33:37.858Z
10,M Chinnaswamy Stadium,2015,1,6,6,field,1,1,1,0,1,0,181.0,154.0,2026-01-07T06:33:37.858Z
11,Feroz Shah Kotla,2015,11,12,12,field,11,1,1,0,1,0,190.0,153.0,2026-01-07T06:33:37.858Z
2,"Sardar Patel Stadium, Motera",2015,4,6,6,field,6,1,0,1,0,1,130.0,134.0,2026-01-07T06:33:37.858Z
21,Wankhede Stadium,2015,12,0,12,bat,12,1,1,0,1,0,157.0,137.0,2026-01-07T06:33:37.858Z
31,"MA Chidambaram Stadium, Chepauk",2015,1,9,1,bat,1,1,1,0,1,0,192.0,95.0,2026-01-07T06:33:37.858Z
11,Feroz Shah Kotla,2015,11,6,6,field,6,1,0,1,0,1,95.0,99.0,2026-01-07T06:33:37.858Z
3,"Punjab Cricket Association Stadium, Mohali",2015,0,9,9,field,0,1,1,0,1,0,150.0,130.0,2026-01-07T06:33:37.858Z
8,Eden Gardens,2015,7,11,7,bat,7,1,1,0,1,0,171.0,158.0,2026-01-07T06:33:37.858Z
10,M Chinnaswamy Stadium,2015,6,4,4,field,,1,0,0,0,0,200.0,0.0,2026-01-07T06:33:37.858Z
31,"MA Chidambaram Stadium, Chepauk",2015,1,7,7,field,1,1,1,0,1,0,134.0,132.0,2026-01-07T06:33:37.858Z
11,Feroz Shah Kotla,2015,9,11,11,field,11,1,0,1,0,1,118.0,119.0,2026-01-07T06:33:37.858Z
21,Wankhede Stadium,2015,12,4,4,field,12,1,1,0,1,0,187.0,179.0,2026-01-07T06:33:37.858Z
10,M Chinnaswamy Stadium,2015,7,6,6,field,6,1,0,1,0,1,111.0,115.0,2026-01-07T06:33:37.858Z
12,"Rajiv Gandhi International Stadium, Uppal",2015,0,1,1,field,0,1,1,0,1,0,192.0,170.0,2026-01-07T06:33:37.858Z
3,"Punjab Cricket Association Stadium, Mohali",2015,12,9,12,bat,12,1,1,0,1,0,172.0,149.0,2026-01-07T06:33:37.858Z
13,Brabourne Stadium,2015,4,11,11,field,4,1,1,0,1,0,189.0,175.0,2026-01-07T06:33:37.858Z
31,"MA Chidambaram Stadium, Chepauk",2015,1,6,1,bat,1,1,1,0,1,0,148.0,124.0,2026-01-07T06:33:37.858Z
8,Eden Gardens,2015,7,0,0,field,7,1,1,0,1,0,167.0,132.0,2026-01-07T06:33:37.858Z
21,Wankhede Stadium,2015,11,12,11,bat,12,1,0,1,0,1,152.0,153.0,2026-01-07T06:33:37.858Z
10,M Chinnaswamy Stadium,2015,6,9,9,field,6,1,1,0,1,0,226.0,88.0,2026-01-07T06:33:37.858Z
13,Brabourne Stadium,2015,0,4,4,field,0,1,1,0,1,0,201.0,194.0,2026-01-07T06:33:37.858Z
31,"MA Chidambaram Stadium, Chepauk",2015,1,12,1,bat,12,1,0,1,0,1,158.0,159.0,2026-01-07T06:33:37.858Z
8,Eden Gardens,2015,9,7,9,bat,7,1,0,1,0,1,183.0,184.0,2026-01-07T06:33:37.858Z
17,Shaheed Veer Narayan Singh International Stadium,2015,0,11,0,bat,0,1,1,0,1,0,163.0,157.0,2026-01-07T06:33:37.858Z
21,Wankhede Stadium,2015,6,12,6,bat,6,1,1,0,1,0,235.0,196.0,2026-01-07T06:33:37.858Z
31,"MA Chidambaram Stadium, Chepauk",2015,1,4,1,bat,1,1,1,0,1,0,157.0,145.0,2026-01-07T06:33:37.858Z
12,"Rajiv Gandhi International Stadium, Uppal",2015,0,9,0,bat,0,1,1,0,1,0,185.0,180.0,2026-01-07T06:33:37.858Z
17,Shaheed Veer Narayan Singh International Stadium,2015,1,11,1,bat,11,1,0,1,0,1,119.0,120.0,2026-01-07T06:33:37.858Z
3,"Punjab Cricket Association Stadium, Mohali",2015,9,6,6,field,9,1,1,0,1,0,106.0,84.0,2026-01-07T06:33:37.858Z
21,Wankhede Stadium,2015,12,7,7,field,12,1,1,0,1,0,171.0,166.0,2026-01-07T06:33:37.858Z
12,"Rajiv Gandhi International Stadium, Uppal",2015,0,6,0,bat,6,1,0,1,0,1,135.0,83.0,2026-01-07T06:33:37.858Z
3,"Punjab Cricket Association Stadium, Mohali",2015,9,1,9,bat,1,1,0,1,0,1,130.0,134.0,2026-01-07T06:33:37.858Z
13,Brabourne Stadium,2015,4,7,4,bat,4,1,1,0,1,0,199.0,190.0,2026-01-07T06:33:37.858Z
10,M Chinnaswamy Stadium,2015,11,6,6,field,,1,0,0,0,0,187.0,2.0,2026-01-07T06:33:37.858Z
12,"Rajiv Gandhi International Stadium, Uppal",2015,0,12,0,bat,12,1,0,1,0,1,113.0,114.0,2026-01-07T06:33:37.858Z
21,Wankhede Stadium,2015,12,1,12,bat,12,1,1,0,1,0,187.0,162.0,2026-01-07T06:33:37.858Z
7,Maharashtra Cricket Association Stadium,2015,6,4,6,bat,6,1,1,0,1,0,180.0,109.0,2026-01-07T06:33:37.858Z
23,JSCA International Stadium Complex,2015,6,1,1,field,1,1,0,1,0,1,139.0,140.0,2026-01-07T06:33:37.858Z
8,Eden Gardens,2015,12,1,1,field,12,1,1,0,1,0,202.0,161.0,2026-01-07T06:33:37.858Z
21,Wankhede Stadium,2016,12,8,12,bat,8,1,0,1,0,1,121.0,126.0,2026-01-07T06:33:37.858Z
8,Eden Gardens,2016,11,7,7,field,7,1,0,1,0,1,98.0,99.0,2026-01-07T06:33:37.858Z
5,"Punjab Cricket Association IS Bindra Stadium, Mohali",2016,9,5,5,field,5,1,0,1,0,1,161.0,162.0,2026-01-07T06:33:37.858Z
10,M Chinnaswamy Stadium,2016,6,0,0,field,6,1,1,0,1,0,227.0,182.0,2026-01-07T06:33:37.858Z
8,Eden Gardens,2016,7,12,12,field,12,1,0,1,0,1,187.0,188.0,2026-01-07T06:33:37.858Z
24,Saurashtra Cricket Association Stadium,2016,8,5,8,bat,5,1,0,1,0,1,163.0,164.0,2026-01-07T06:33:37.858Z
11,Feroz Shah Kotla,2016,9,11,11,field,11,1,0,1,0,1,111.0,113.0,2026-01-07T06:33:37.858Z
12,"Rajiv Gandhi International Stadium, Uppal",2016,0,7,0,bat,7,1,0,1,0,1,142.0,146.0,2026-01-07T06:33:37.858Z
21,Wankhede Stadium,2016,12,5,5,field,5,1,0,1,0,1,143.0,147.0,2026-01-07T06:33:37.858Z
5,"Punjab Cricket Association IS Bindra Stadium, Mohali",2016,8,9,8,bat,9,1,0,1,0,1,152.0,153.0,2026-01-07T06:33:37.858Z
10,M Chinnaswamy Stadium,2016,6,11,11,field,11,1,0,1,0,1,191.0,192.0,2026-01-07T06:33:37.858Z
12,"Rajiv Gandhi International Stadium, Uppal",2016,12,0,0,field,0,1,0,1,0,1,142.0,145.0,2026-01-07T06:33:37.858Z
5,"Punjab Cricket Association IS Bindra Stadium, Mohali",2016,9,7,7,field,7,1,0,1,0,1,138.0,141.0,2026-01-07T06:33:37.858Z
21,Wankhede Stadium,2016,6,12,12,field,12,1,0,1,0,1,170.0,171.0,2026-01-07T06:33:37.858Z
24,Saurashtra Cricket Association Stadium,2016,5,0,0,field,0,1,0,1,0,1,135.0,137.0,2026-01-07T06:33:37.858Z
7,Maharashtra Cricket Association Stadium,2016,6,8,8,field,6,1,1,0,1,0,185.0,172.0,2026-01-07T06:33:37.858Z
11,Feroz Shah Kotla,2016,11,12,12,field,11,1,1,0,1,0,164.0,154.0,2026-01-07T06:33:37.858Z
12,"Rajiv Gandhi International Stadium, Uppal",2016,9,0,0,field,0,1,0,1,0,1,143.0,146.0,2026-01-07T06:33:37.858Z
24,Saurashtra Cricket Association Stadium,2016,6,5,6,bat,5,1,0,1,0,1,180.0,182.0,2026-01-07T06:33:37.858Z
7,Maharashtra Cricket Association Stadium,2016,8,7,7,field,7,1,0,1,0,1,160.0,162.0,2026-01-07T06:33:37.858Z
5,"Punjab Cricket Association IS Bindra Stadium, Mohali",2016,12,9,9,field,12,1,1,0,1,0,189.0,164.0,2026-01-07T06:33:37.858Z
12,"Rajiv Gandhi International Stadium, Uppal",2016,0,8,8,field,8,1,0,1,0,1,118.0,94.0,2026-01-07T06:33:37.858Z
11,Feroz Shah Kotla,2016,5,11,11,field,5,1,1,0,1,0,172.0,171.0,2026-01-07T06:33:37.858Z
21,Wankhede Stadium,2016,7,12,12,field,12,1,0,1,0,1,174.0,178.0,2026-01-07T06:33:37.858Z
7,Maharashtra Cricket Association Stadium,2016,8,5,5,field,5,1,0,1,0,1,195.0,196.0,2026-01-07T06:33:37.858Z
11,Feroz Shah Kotla,2016,11,7,7,field,11,1,1,0,1,0,186.0,159.0,2026-01-07T06:33:37.858Z
12,"Rajiv Gandhi International Stadium, Uppal",2016,0,6,6,field,0,1,1,0,1,0,194.0,179.0,2026-01-07T06:33:37.858Z
24,Saurashtra Cricket Association Stadium,2016,9,5,5,field,9,1,1,0,1,0,154.0,131.0,2026-01-07T06:33:37.858Z
7,Maharashtra Cricket Association Stadium,2016,8,12,12,field,12,1,0,1,0,1,159.0,161.0,2026-01-07T06:33:37.858Z
10,M Chinnaswamy Stadium,2016,6,7,7,field,7,1,0,1,0,1,185.0,189.0,2026-01-07T06:33:37.858Z
24,Saurashtra Cricket Association Stadium,2016,5,11,11,field,11,1,0,1,0,1,149.0,150.0,2026-01-07T06:33:37.858Z
8,Eden Gardens,2016,7,9,9,field,7,1,1,0,1,0,164.0,157.0,2026-01-07T06:33:37.858Z
11,Feroz Shah Kotla,2016,11,8,8,field,8,1,0,1,0,1,162.0,166.0,2026-01-07T06:33:37.858Z
12,"Rajiv Gandhi International Stadium, Uppal",2016,5,0,0,field,0,1,0,1,0,1,126.0,129.0,2026-01-07T06:33:37.858Z
10,M Chinnaswamy Stadium,2016,8,6,6,field,6,1,0,1,0,1,191.0,195.0,2026-01-07T06:33:37.858Z
5,"Punjab Cricket Association IS Bindra Stadium, Mohali",2016,9,11,11,field,9,1,1,0,1,0,181.0,172.0,2026-01-07T06:33:37.858Z
30,Dr. Y.S. Rajasekhara Reddy ACA-VDCA Cricket Stadium,2016,0,12,12,field,0,1,1,0,1,0,177.0,92.0,2026-01-07T06:33:37.858Z
8,Eden Gardens,2016,7,5,5,field,5,1,0,1,0,1,158.0,164.0,2026-01-07T06:33:37.858Z
5,"Punjab Cricket Association IS Bindra Stadium, Mohali",2016,6,9,9,field,6,1,1,0,1,0,175.0,174.0,2026-01-07T06:33:37.858Z
30,Dr. Y.S. Rajasekhara Reddy ACA-VDCA Cricket Stadium,2016,0,8,0,bat,0,1,1,0,1,0,137.0,133.0,2026-01-07T06:33:37.858Z
10,M Chinnaswamy Stadium,2016,6,12,12,field,12,1,0,1,0,1,151.0,153.0,2026-01-07T06:33:37.858Z
12,"Rajiv Gandhi International Stadium, Uppal",2016,0,11,11,field,11,1,0,1,0,1,146.0,150.0,2026-01-07T06:33:37.858Z
30,Dr. Y.S. Rajasekhara Reddy ACA-VDCA Cricket Stadium,2016,12,9,12,bat,9,1,0,1,0,1,124.0,127.0,2026-01-07T06:33:37.858Z
10,M Chinnaswamy Stadium,2016,6,5,5,field,6,1,1,0,1,0,248.0,104.0,2026-01-07T06:33:37.858Z
8,Eden Gardens,2016,8,7,8,bat,7,1,0,1,0,1,103.0,66.0,2026-01-07T06:33:37.858Z
5,"Punjab Cricket Association IS Bindra Stadium, Mohali",2016,9,0,9,bat,0,1,0,1,0,1,179.0,180.0,2026-01-07T06:33:37.858Z
30,Dr. Y.S. Rajasekhara Reddy ACA-VDCA Cricket Stadium,2016,12,11,11,field,12,1,1,0,1,0,206.0,126.0,2026-01-07T06:33:37.858Z
8,Eden Gardens,2016,7,6,6,field,6,1,0,1,0,1,183.0,186.0,2026-01-07T06:33:37.858Z
30,Dr. Y.S. Rajasekhara Reddy ACA-VDCA Cricket Stadium,2016,11,8,8,field,8,1,0,1,0,1,121.0,76.0,2026-01-07T06:33:37.858Z
10,M Chinnaswamy Stadium,2016,6,9,9,field,6,1,1,0,1,0,211.0,120.0,2026-01-07T06:33:37.858Z
15,Green Park,2016,7,5,5,field,5,1,0,1,0,1,124.0,125.0,2026-01-07T06:33:37.858Z
17,Shaheed Veer Narayan Singh International Stadium,2016,0,11,11,field,11,1,0,1,0,1,158.0,161.0,2026-01-07T06:33:37.858Z
30,Dr. Y.S. Rajasekhara Reddy ACA-VDCA Cricket Stadium,2016,9,8,9,bat,8,1,0,1,0,1,172.0,173.0,2026-01-07T06:33:37.858Z
15,Green Park,2016,12,5,5,field,5,1,0,1,0,1,172.0,173.0,2026-01-07T06:33:37.858Z
8,Eden Gardens,2016,7,0,0,field,7,1,1,0,1,0,171.0,149.0,2026-01-07T06:33:37.858Z
17,Shaheed Veer Narayan Singh International Stadium,2016,11,6,6,field,6,1,0,1,0,1,138.0,139.0,2026-01-07T06:33:37.858Z
10,M Chinnaswamy Stadium,2016,5,6,6,field,6,1,0,1,0,1,158.0,159.0,2026-01-07T06:33:37.858Z
11,Feroz Shah Kotla,2016,0,7,7,field,0,1,1,0,1,0,162.0,140.0,2026-01-07T06:33:37.858Z
11,Feroz Shah Kotla,2016,5,0,0,field,0,1,0,1,0,1,162.0,163.0,2026-01-07T06:33:37.858Z
10,M Chinnaswamy Stadium,2016,0,6,0,bat,0,1,1,0,1,0,208.0,200.0,2026-01-07T06:33:37.858Z
